img_name,class_id,x1,x2,y1,y2
6c9864b0-7f37-4afa-82a3-317d253cfd4a.png,0,51,230,67,118
d92dd34c-630a-47b6-a6de-821c292268b6.png,0,88,187,81,147
fb8cda0e-ce51-4bf4-8660-f9af60edcaf7.png,0,135,240,81,170
1f11aba4-dc94-4515-bf5f-27da7dd9a69a.png,0,58,201,62,169
80979787-fde2-4b37-9e3d-d9b60fc9a809.png,0,101,154,102,139
4aeb68ef-6c3e-4ce8-8131-ce0f4ebc707e.png,0,0,224,44,189
c981ab6c-b4ad-4b1a-ad5d-52b1b388a9f6.png,0,3,254,7,229
428cc350-4635-4877-91f6-2ff965fae63a.png,0,49,200,48,152
47730ec4-a7fb-4cc1-a354-eb901108064e.png,0,73,121,71,109
fd995abd-32b1-471a-938e-0313593d6da2.png,0,104,153,139,172
6b4784f3-a9da-4668-986d-ac01e1600d52.png,0,83,175,65,128
4a0cc8f5-29a4-40cd-a786-69ced7b4b4d6.png,0,59,109,0,36
43d338ed-d537-41c0-b183-8634f2454844.png,0,44,178,152,244
a5533976-ab88-4ea6-80ba-9ed2127252a7.png,0,1,182,19,200
6a0ff3d4-72a5-4f81-a591-cc089cf7bee8.png,0,40,74,35,62
828ece77-3d6f-4ab5-8718-11e51e1fe7a0.png,0,2,254,1,213
0cc11087-0374-4a67-9bba-882d7f1382db.png,0,128,254,45,129
788684f0-0453-41eb-b507-07d2106f3b48.png,0,64,172,34,114
c0b58bd6-fe12-4dc7-8b53-cecb8883b64f.png,0,39,253,110,249
3bb906f2-abbc-415b-99ab-2ff90fb2ab06.png,0,-1,255,33,227
2bf3c2ad-7906-4f73-be54-3ec23a533999.png,0,30,207,67,213
c4284309-0c36-47e5-9d1c-0f19d03116b7.png,0,27,217,32,157
a5f3fe53-db10-4eec-bde8-6c0439b1b978.png,0,90,160,105,166
66694e47-d959-4333-821b-6ad2f595e6e8.png,0,94,177,96,145
c724dcf2-bfc9-436c-9697-509a6713013c.png,0,110,166,127,166
b7151ed1-12a8-4f0e-8161-452165104e4c.png,0,70,150,113,176
c5d09015-a67a-4b64-8328-7839fad0a86c.png,0,44,127,78,139
dfb6793e-567b-4d6c-b934-b1599b3eb676.png,0,58,196,85,178
88a73a16-6d06-441b-81ac-7b8168723014.png,0,90,176,51,119
8561078f-d6cc-4d50-8d77-b433f7db4897.png,0,97,147,132,202
46561051-d91b-491d-891f-0f05a03f592f.png,0,123,171,73,134
749a4a20-ce5f-47f2-ab24-1feb23fbfea8.png,0,85,151,90,138
27de717f-c985-475d-82b9-85d01ef9ab04.png,0,39,106,47,77
1c747581-c033-4064-ac91-b6e0b508cf8c.png,0,28,223,63,197
b953656e-c659-40cf-a1de-b0acb800e91e.png,0,76,189,73,147
12cf45c9-45e1-4198-81de-9aac8bb425b8.png,0,106,178,106,165
4ec0c7f4-edea-47a0-8bfe-546cf3c212b8.png,0,77,155,134,215
c7610d03-0bba-4cea-b6b4-74b667958c5f.png,0,86,136,104,175
641b3310-d9a2-4a84-b576-3c45f0357a8e.png,0,-1,255,22,156
d7b413b1-9b87-4d39-999a-4c910567603f.png,0,57,170,108,185
349fc215-dc5c-4319-ad05-a24d9bc286ce.png,0,111,111,98,98
7fd6d1ba-6c98-4039-af52-97507ef9568f.png,0,97,139,104,134
9841c19e-9716-4b18-8749-996da7806a57.png,0,109,196,117,178
2a1f177b-d05a-4e20-b47e-b440c7b9bedc.png,0,111,157,171,206
52a4f346-6026-45ee-93d9-7731170d99a5.png,0,9,217,45,197
35d65a9a-6dea-45cb-aaf2-a79502076321.png,0,81,222,11,222
dc3c901d-b289-4624-9865-99ea26754b1e.png,0,205,205,6,6
da855030-6701-4d87-b236-e2451d93f175.png,0,4,235,9,207
c6d64814-4629-4f55-8e49-c91dbce4c0f4.png,0,82,139,85,148
87110212-4564-46d1-8852-6dab6df4b889.png,0,134,204,75,125
bd55ee31-2637-4296-ad78-7b6509f4b267.png,0,53,179,97,178
9d24e7b7-7ef5-48f8-b965-def86b2faf5c.png,0,151,222,135,225
dd27c767-9fbc-4c03-a00e-3a91f802aca8.png,0,21,239,66,212
b24c895f-e2bc-4ee3-82f8-1b18bd298dd9.png,0,22,234,20,193
eb53f799-17b5-4594-9670-a787f2f7305a.png,0,73,178,75,146
53da022e-509b-4a58-b148-1197db068230.png,0,67,187,114,195
6fcfb57d-4436-4b6c-869c-4d92c6a40181.png,0,94,142,63,97
1a911a02-6dfc-419c-a20c-3abbedee6d37.png,0,121,171,89,156
c92417ca-63e5-4dc0-a122-cbd8448975b3.png,0,30,196,63,183
dc90f1a7-8ab5-4634-846e-2e042ff3702c.png,0,91,157,18,65
e18b84c6-958d-4378-8583-794da19105e1.png,0,74,187,92,170
969d673e-2866-4680-9b36-38649124bf91.png,0,75,167,112,174
e37a1450-2cd3-4123-840a-825b162991fd.png,0,98,187,46,107
2de3a6a4-a0a2-4eeb-96a3-c945d9f25936.png,0,93,166,98,171
771d4991-1364-4abf-80ea-8adae4dadc4f.png,0,46,208,27,149
b4a0b4c8-4d83-4390-b3f3-ede069a1e237.png,0,62,180,115,195
406dbce0-2a74-4382-abfa-b5357cb3b5f0.png,0,91,140,73,110
d226504c-a383-45e9-af0f-9d7e25580dce.png,0,33,236,104,228
037b4c6d-05ad-4fbd-a488-92518bf5370b.png,0,112,232,46,124
02fb7dbe-e48f-4bf5-9235-d25e4b8b4310.png,0,82,202,76,179
d1842326-1603-43b6-9bc4-c295f5da3c85.png,0,111,153,190,218
4d371909-4df6-41f1-a404-7cad5720927a.png,0,88,133,62,94
52706191-694e-40e0-b9f0-ea81ed03de2e.png,0,69,195,58,203
0efc60fb-8582-4dc5-9c6c-a9bc2c8bfc04.png,0,102,220,1,227
9c4c8516-5fd9-4334-9cff-d95987c3336b.png,0,112,157,177,209
753bc4cf-b705-4163-bb9b-47a5008799d1.png,0,37,71,146,172
86159e97-194a-45f3-9bbf-7307afb12dcb.png,0,195,227,68,95
29af4daa-f6f6-4cf3-8a0f-57339bc7cc0b.png,0,101,165,136,179
98943136-2723-4fcb-9633-f88bcee2aacd.png,0,35,199,1,220
a553752e-fec6-4f0b-a70b-00d3d07e4049.png,0,24,236,70,219
48f135f9-d7e9-4056-aab4-5e7f8eeadb81.png,0,113,159,108,136
4cd99b85-841a-4ad0-bd01-76409874f40a.png,0,158,170,120,131
6f6e0268-f397-416f-8bab-be5a2993053c.png,0,115,167,100,142
1f62195f-43d8-487b-b354-f4501c9f6a75.png,0,46,121,90,139
f2d67735-9521-4531-96b5-19808dabf494.png,0,35,198,53,157
a30a844b-1dda-46ef-ab67-ea7b2cc1258d.png,0,52,216,52,165
08bfd04e-f58f-48b3-a88c-1c71fda54fdc.png,0,79,99,83,94
847f06ac-cf1c-431a-bb20-24dd42841c09.png,0,174,183,113,121
2c909597-1f90-4c42-ae4f-91ee08b5bf6a.png,0,68,201,61,174
619a0fac-093f-431c-9492-f93be60cbd12.png,0,80,125,117,145
50f44ef8-3151-4cdd-9d7e-b3a3650964a1.png,0,5,191,53,216
4369605a-c49f-477a-b045-b668e02b934b.png,0,89,209,88,213
b3b04f78-c28a-415e-bed7-4207f46a153f.png,0,48,229,48,185
463adf14-e0f3-4274-a2ed-5e45acc93f63.png,0,100,177,84,140
ce7378ad-1ea0-41a2-9370-24250bebcb7c.png,0,135,167,91,120
a04aee98-8cc7-4e77-a241-8a2094707de2.png,0,49,186,138,232
91a164be-15ef-44f3-9670-755518d9f4e2.png,0,49,208,70,179
aeb8fad9-0540-4840-b14f-b150647910ac.png,0,111,151,120,173
a010e364-e574-4d16-9925-4497a77d1a3a.png,0,142,208,181,220
3b506b83-85be-4dd3-9a73-3073f4945262.png,0,17,244,65,220
6b0cb596-450f-495a-b073-25e3d4a423c1.png,0,48,154,35,112
7efa0149-f3b4-4936-bb6b-a1c65d800560.png,0,64,193,77,169
d05a6313-f68a-4536-af06-08954b8f58a8.png,0,109,191,115,166
5c6b0eaf-a0fc-4a96-bab0-7e87eb7af73f.png,0,43,232,37,166
e5a27206-f2ea-4dbc-9afc-9a0b68a5bef3.png,0,117,218,90,161
143fbd6d-a5ac-4209-8507-26d395dfbfb9.png,0,71,116,78,111
930a8185-b623-40c7-8dea-76ccd06fa5cf.png,0,68,208,111,200
f8e778be-8c9a-4157-8d79-135d4bd07573.png,0,93,186,118,172
15304fb6-6896-481d-affb-697e366faabd.png,0,119,168,110,146
1a709f5e-7066-4775-b15f-8cfbab449783.png,0,47,206,62,209
ac7a9620-b465-4d76-80b6-19ffcd50726b.png,0,46,224,83,189
ab373d97-b139-40ee-8cab-c98e343f5d4f.png,0,82,194,57,132
580ec2b0-d532-48f5-afb7-004aad7a484a.png,0,0,254,34,244
6c39866d-2364-49cd-a210-8e14c5215693.png,0,33,255,44,197
ee1023a1-f024-4bd1-8bc4-e950e72357b0.png,0,101,166,127,173
b433845c-1971-4f33-a4f8-e54efac72473.png,0,143,182,135,162
36e0db74-4b29-443e-8f08-b498da3ceeb9.png,0,214,247,33,53
59845398-5735-4a9b-a37b-3b4ae6aab9b5.png,0,0,255,23,221
6e1ce2a4-b41c-4357-8fa3-9d8704337307.png,0,80,161,46,107
a79a21f1-be03-4ecd-aeef-6b3f641d9591.png,0,98,160,118,167
80dda6a9-eee8-4247-8c62-3c39bcec3641.png,0,38,89,146,184
a0697541-dc43-44b1-b3d2-017721605527.png,0,130,164,66,136
44dfa798-3784-4d4a-954b-5688b5b484b9.png,0,55,194,92,178
499fae86-73ec-4428-b593-29eb96d1f37f.png,0,62,213,6,157
265b30c5-3a85-4ae2-b50b-10b3f553e42e.png,0,48,48,56,56
32fd0efb-3f08-4491-9f5a-fb541ad77add.png,0,74,189,35,103
2546cc0f-8279-45bd-8925-3b1408a314f7.png,0,56,217,34,152
8f8bf7d0-5865-4d5e-9308-8f91c9002a34.png,0,56,188,83,191
7f236b84-166c-4789-b7df-4ece5fb88294.png,0,167,201,34,67
b49d3cc2-d40f-4c33-951f-b312be3de684.png,0,62,110,64,112
82f40001-da1e-4d78-87eb-95571e65efab.png,0,28,196,96,206
425d9816-d5de-41b7-b3e1-42df41614fb4.png,0,76,164,12,68
ab82a0c6-60fb-49f5-b97f-9be2ed65a72f.png,0,71,214,58,153
5d594d50-a53d-4ce2-97e4-89421accaf37.png,0,115,133,109,126
55e31157-40d5-4cea-bab9-1446fb60e5da.png,0,3,155,9,253
8fa1cba9-100a-4a50-aefc-ff8d12a87536.png,0,54,204,12,116
b92d0b64-a3ca-484e-bc3f-00bfc369f544.png,0,27,253,84,229
a8f2a0b2-d23b-4cb8-8cc5-2106b9f519ad.png,0,110,176,120,165
ed18c849-178c-4505-b2dc-e5a813d08226.png,0,28,216,87,215
a6368c13-efda-4f61-ba17-6beabd64710e.png,0,21,217,11,171
898bea17-1b43-4f4e-9cd0-e527a9db4452.png,0,100,141,166,195
1c7bff5f-6f1a-4e07-bc21-e358bd89c568.png,0,94,150,128,191
7d66629a-e780-4714-bc53-78b3ba016218.png,0,12,234,30,215
5efa58ec-c8b1-4687-b2de-6fa226656f15.png,0,49,178,150,228
ecd1f1b7-452e-470e-9fc3-f0f262851413.png,0,45,232,42,167
d4a50d6c-641b-4b74-a74b-ecef4c8b5161.png,0,4,239,18,177
b6d2cc29-fc60-4063-939e-cd01a9b7cf46.png,0,219,254,227,250
c7827811-fe0c-468d-a2fd-8a7390179b94.png,0,122,150,96,131
891c144e-0ee2-4e4d-89cc-b039768942eb.png,0,81,100,223,241
a2799095-8b93-421e-9e5e-4f5278a08540.png,0,29,248,39,191
d4467126-a231-490a-9487-4e03d3f0334b.png,0,42,201,7,110
89cfe178-357c-448a-839f-c3ff8aad5220.png,0,86,159,145,212
b1b7ac78-f69f-4048-81ec-801cbca83975.png,0,126,150,77,109
def37ad5-293e-4a25-b025-7389d986f942.png,0,20,253,40,221
a68b5f6b-43e6-45a9-aa82-69659506153d.png,0,84,225,57,141
2a08a470-6ad1-4830-87ea-b971f1da4534.png,0,40,188,27,151
62785e51-2765-410c-884c-28dbbd2c2ba4.png,0,90,155,156,209
158396c8-6c53-43d7-a1df-7d26a31f8404.png,0,118,118,125,125
6f58d3d8-28a2-4061-8ae2-82827b7912af.png,0,80,150,11,56
e9e14e23-1ab2-48c2-afb1-999d1b6682ae.png,0,102,151,100,128
7717570b-e3e0-4b43-974f-291d09a9c3c6.png,0,167,183,115,124
ae426d84-a425-4084-aad9-06da15bee567.png,0,90,139,168,204
1d113d21-bceb-481f-bc31-a596c3b9f48d.png,0,76,229,8,233
82d8c60f-c5d6-449e-86bb-9ec031600311.png,0,35,85,81,111
3ce777d9-ab31-4154-a9f4-6d13c6c02407.png,0,39,215,21,139
ad0699be-24de-4db8-b38b-6a0cda4766ef.png,0,72,127,100,155
cd2f7cd7-b748-4a97-b624-e20a6664162d.png,0,7,253,20,210
954813b6-de96-41d3-a695-864c8b89a03d.png,0,69,222,54,176
2bf66d60-6b5d-4eeb-92b8-3c2ad9af0a67.png,0,46,209,109,226
2876feaa-9c54-43ab-8971-2e92825c25bf.png,0,123,148,186,204
1acd16d7-c182-4a83-b037-d3e593d4ebbf.png,0,74,178,60,200
487e7844-2bcb-45f7-a590-60700ca3cda3.png,0,94,219,81,175
74328499-0c36-48b5-83bc-b8bf2141c69c.png,0,49,237,65,176
ca02d59b-0a0b-452b-9518-65b6de7a85ae.png,0,80,171,109,174
6f67252a-19f9-4631-a66f-9da521dacf04.png,0,49,208,71,174
e6d361be-83ae-4a48-b5ac-d1b2fba8e7a5.png,0,11,241,89,235
242fbb28-e04d-4c3c-a3fb-bef88eea5c39.png,0,61,173,29,175
186bd918-c218-40ea-a560-f9169518552f.png,0,120,176,85,130
12e0fc1e-acba-496b-8b3f-b94af5eff0ec.png,0,31,212,98,203
349ce047-cbce-40d1-93ec-c0105d098521.png,0,115,182,81,130
8a172d34-c73a-408c-9415-b0291d81f412.png,0,24,241,2,148
308bf38f-4967-4c6b-83c0-e53fc6fe5933.png,0,3,255,4,252
9aaf40ee-4457-45c9-94d5-5ac8f790bfba.png,0,91,197,75,173
6d141d6c-da29-4642-a33e-311b1dc5780e.png,0,96,194,77,148
474fcc01-756e-4024-b4da-47418d6f2644.png,0,4,252,11,225
28794cb0-f052-44d2-9f77-b952808a38a7.png,0,191,197,65,76
59b6d865-79ff-4de6-941c-bff578faad4d.png,0,36,208,19,137
859dc011-f3ea-4ee8-a0e0-87abdf466ddd.png,0,136,160,216,242
0a8d06eb-f965-4667-9712-8c83d9cb9c4e.png,0,78,186,80,164
df1d78b1-e3f9-41df-84bd-8b4d57cef2bb.png,0,0,253,0,219
aec13165-f037-40a3-9faa-ae4d2edab670.png,0,22,87,15,60
1f21c761-b172-4531-9b18-1a69119dbc6b.png,0,28,223,43,182
83061379-b9a4-4f7a-b49c-a4c146f3e433.png,0,59,170,100,170
8e62c239-bc5f-4bab-b572-074785f9c0da.png,0,62,80,155,170
03ecd678-e600-4c23-8b14-0347739d21bb.png,0,52,77,88,107
a51cfe25-7844-495e-97e6-df4d64ef33fa.png,0,5,154,88,196
e0a797d9-f5d3-4d3f-bdaf-e0103c242676.png,0,101,169,117,152
0f3e4113-f82c-4fca-9f2f-80ef4b14b870.png,0,43,138,72,135
06176a49-9261-42eb-95de-5e33fc1df464.png,0,4,124,18,126
73c73862-4bc2-47e0-b7e7-8ec7e6875d66.png,0,46,200,82,253
e636e8ab-093d-4483-a20f-19623534e1e5.png,0,106,132,112,153
ef930a79-fe05-4fbb-8418-f8fd24e9166d.png,0,9,135,43,136
792b30c6-6227-46c2-8337-764ccb5fcd11.png,0,115,139,100,136
35680aa7-fa7b-4ea8-8c07-25d1c4bf3c18.png,0,62,117,80,120
445146e1-a9ce-408f-b4e1-4cb4097a9d0e.png,0,80,180,51,122
4da20738-7340-49e7-9647-171e34fd6afa.png,0,84,220,23,189
ab13884b-1499-4c38-b362-98c4263a5905.png,0,97,211,77,243
5b4e9567-2451-4d48-a676-dcca8e262bb7.png,0,1,256,43,233
93e310e6-2da1-4c71-96a9-66c7ea0e322d.png,0,56,159,39,104
479fa04e-1e57-47d7-b3ab-82141ccf26f4.png,0,2,208,38,191
028b80e4-46e3-4957-b16a-a7f393addb4a.png,0,21,63,161,230
1fa08524-6bae-4bd1-a0df-5ff171b25b4b.png,0,97,121,45,72
9a82d0fd-0a03-46bc-b414-2900d2df425f.png,0,109,185,123,180
f0eca8b2-9307-4ee7-b30c-6182168d2c0b.png,0,91,192,159,231
6abb98f5-033f-4bc4-a537-4df63fdc656d.png,0,74,164,93,158
f501cd21-316a-405d-9ac4-8c93dcaef061.png,0,108,145,137,166
b9d9881e-804f-4886-b793-b0d07437d24f.png,0,30,228,53,187
a57a7e5d-dd2e-4a89-968d-d1e68e9e1aa1.png,0,57,192,84,187
467db040-b447-4763-a2e3-4dcbc7aa1772.png,0,54,203,36,171
74df76cc-7aea-49c0-a0da-8519dfd1df4f.png,0,68,134,119,163
f84556c0-1c59-43d4-89a6-0954393341f8.png,0,50,198,18,116
60d2d6f3-797b-4a8d-9139-8238e5784d68.png,0,41,252,50,224
ec77bcce-abd8-4793-be06-b6ddc3d9a1fb.png,0,119,149,38,65
46385a7c-5aeb-4d11-ba8c-f6eafff33956.png,0,92,155,147,208
7954af6c-afa5-4151-b802-a5eed6dfd207.png,0,155,208,57,101
3f96f770-2e79-41bc-836f-ad5fae494440.png,0,3,254,5,240
b87ebfaa-b593-404f-a328-dc45ce96014a.png,0,89,193,54,174
fd6586b3-a8e2-4c03-8b72-6d403a0b8217.png,0,239,255,117,156
a4d300f9-7811-4709-b163-759bea03ad6c.png,0,83,247,5,250
f455d96a-be03-455e-b355-1489312f8c05.png,0,79,186,70,154
c873fda0-c2e5-427a-aab3-2d56aed1a8e0.png,0,149,201,102,155
811b2f68-3a99-4609-a01b-8669feb01f33.png,0,108,156,144,178
309bbae9-5cba-43a9-83c4-f0a0df89b19a.png,0,58,200,86,176
08a6ed13-7864-444d-9f3c-d94db7716e43.png,0,68,93,220,239
d065f5d9-c50e-4659-95b4-e70729a9f916.png,0,123,181,80,161
54477367-38b3-46b8-9a77-e6647c170091.png,0,34,74,151,201
6eba24c8-f240-47aa-b774-8cc0350bc562.png,0,6,254,54,207
f5a2ae01-03fa-4719-8806-7ba06478642f.png,0,27,222,84,220
244bf864-e663-4d5f-b759-5bb889a4ceb8.png,0,4,172,6,183
d74ce03f-f76d-4eb2-904d-98362784ece5.png,0,25,183,9,248
c47323c2-3233-4821-b516-40f208805518.png,0,55,212,84,189
db1f1777-3486-472a-a33f-43c5d283f5a0.png,0,91,167,95,168
21fe0854-8f3a-46f7-971c-b2d50b94568e.png,0,116,189,9,118
13cfb359-5e04-41f4-bea6-292885d88c86.png,0,14,76,20,65
2183502d-fdf2-485e-94ce-8c14ae049045.png,0,102,217,10,114
a588aed5-34d0-4de1-95ba-6489fdfabe0c.png,0,97,149,63,97
d8c764e6-cd6f-4a0c-99ce-6dca37f913e3.png,0,98,162,99,143
4d2dd13b-24ac-40ff-a2b7-7c331aed7451.png,0,64,166,71,148
05ff520e-2df2-4ec6-90ae-de7643bb2863.png,0,50,180,85,186
e959d47e-6d6b-4975-b720-187a02b767b5.png,0,78,183,62,124
f97c6a13-8fa3-418c-bed3-bc4f3e5072f0.png,0,87,199,53,122
9b6e7500-ef93-4703-a2b5-ccc0f15c5af3.png,0,28,204,8,130
53c855c0-3e97-4cba-81b5-d594f1a3d804.png,0,0,255,9,228
3577bba8-de39-4f9a-8e77-1734c8bb2d07.png,0,52,180,109,197
c7786930-6f22-4539-91cf-8d5eebb996fc.png,0,34,182,73,176
1b0c539d-3e42-4b3e-9d5f-fca59335e512.png,0,62,238,73,196
1755982a-12ec-49cc-85b6-d8e15ecf59fa.png,0,127,204,7,54
4ab2e9f9-ed29-4435-9af4-611f4fd38d12.png,0,62,103,49,92
12a4fc06-3c8d-4fa8-b5c8-7d6e05abfe56.png,0,51,147,77,139
0d59ac79-1c43-4466-b872-bcab05b69965.png,0,161,191,122,151
e7431276-c537-42d0-a418-0de3ae920830.png,0,112,145,140,168
048e12bd-2424-4418-89a6-fe1210aafeed.png,0,93,153,70,113
0602f92c-2758-49a9-a29d-e153073951bd.png,0,34,141,10,130
4532d201-0c64-42df-bbcd-d22173d1e824.png,0,113,148,140,170
aa4561e5-20e7-4db6-816c-d9d3ce0379c1.png,0,111,157,26,62
707f5340-f469-4784-89a3-37f6d2283b4a.png,0,167,209,112,140
7bd43312-16bc-49e3-a166-d470b55b1d43.png,0,6,254,32,213
249a92e8-03b6-461f-9b01-8e399eaf8f8f.png,0,127,164,107,137
7f2946e8-3bb0-4aba-a4eb-91cab4819600.png,0,56,221,56,180
89138a25-e7b2-4e74-a78b-8788d077f031.png,0,50,206,69,174
cc4a11ad-2a63-4ee2-84e0-50fa6d035b48.png,0,88,219,85,176
ac4a559f-f330-40e8-99cd-360c3933cd6d.png,0,50,240,10,146
84fa11da-5362-4469-9d3f-229de7c239c0.png,0,60,223,115,255
684ca53e-7f43-418f-ae0b-7d62324d1b95.png,0,1,236,41,213
a8401bae-a725-42c1-b8cd-9aede899307d.png,0,11,202,55,192
14c86fce-ca40-461f-973c-bf957aee7ba5.png,0,85,111,125,148
0ab0a4f8-85c3-4c7b-94b7-9a46c7ea84eb.png,0,160,202,107,153
1ec81035-8255-421e-babc-631b0791b028.png,0,42,215,84,199
4285fea6-63f3-44ca-9097-c81bda64d018.png,0,25,159,56,187
f69f85af-3180-49f4-8d84-2d8ab8f50909.png,0,43,84,86,108
14599998-dfc1-422d-a012-2b58785b13e9.png,0,0,0,17,17
84c5a9fb-7151-47b0-b2f0-d1165e119620.png,0,15,236,91,196
d8883ba8-6dab-443d-8d70-e6e522276a1d.png,0,37,73,151,199
c81dc12e-bb02-4f3a-be7e-1a000a140018.png,0,23,235,23,186
9defa8be-322e-4c4f-ba72-dd80a4fef6bf.png,0,2,255,26,234
31493c93-4762-432f-85ab-4ec1e5a3ec84.png,0,165,215,16,57
059d0dd3-0e47-423c-bb70-c559913d1ae8.png,0,69,212,88,184
bf7e4c7d-8bb9-40ff-9cca-1873a75706c4.png,0,154,238,124,173
51c1b9be-23bc-4b82-b19f-779def103855.png,0,1,255,35,249
5edaace2-2e5d-4970-95f3-24038e53a5f5.png,0,42,133,2,37
65094b7d-580a-4f57-8fe8-b0df5291bc5f.png,0,34,197,1,219
aa690b09-8712-416a-8ba5-cbcba504f58b.png,0,47,139,80,186
77fc9780-e75a-4501-ac24-4ccaca842fc1.png,0,53,216,16,127
acac6668-d449-465c-9b2c-76a9ac66a153.png,0,33,232,150,254
0fb7715d-6d5d-4b9e-b545-a2d70ba50a2d.png,0,51,198,62,152
5590aa38-1dee-4459-bff0-5fe9d8d0acdd.png,0,129,168,73,100
f29e3cae-5415-4a95-b74c-b57936190f58.png,0,113,136,101,118
57772235-1aba-4802-b725-d1df3156337a.png,0,91,209,44,121
02918a3f-cfc0-4e94-89bd-27144ec3296c.png,0,82,146,67,116
aeb509c7-4dce-46fd-a61a-f96d1724f8fc.png,0,31,79,147,199
af9161ad-bcf7-407f-a9a1-379cf0dd4c6d.png,0,25,244,51,224
a46d2409-191e-457a-bce1-8906838c1664.png,0,88,219,69,252
82ee0acf-29d7-4b2d-a196-1fc92ff1af09.png,0,48,123,57,109
e27375fc-9505-495f-af6a-a0a54bf5bc26.png,0,98,145,110,144
a811b0dc-f9e9-4be9-a1b5-7471a96207f1.png,0,63,136,21,73
06470899-567a-4184-947f-4381b49031e2.png,0,118,149,189,210
d4c6e4eb-f31d-4c56-be37-b01753c713c8.png,0,8,249,98,210
5cc1b6f6-ab56-4f42-aa89-0b589077add6.png,0,103,182,156,209
1518aa08-5bc4-46b6-a871-619f5c0bfbc8.png,0,14,243,53,209
85c992bf-97a3-40cc-9457-82e70afaaa6b.png,0,89,157,74,121
b0dcb062-90a0-4b11-ad9a-9f28d1e78c0a.png,0,82,148,125,164
301170d7-c8b4-4691-ad7b-75ab207697d7.png,0,29,101,3,57
2d316159-44b0-4c9b-bfd0-3e397b787175.png,0,217,233,101,116
bb50f042-b60e-4d82-9ac8-0723f51d82a5.png,0,68,125,106,188
0677ca24-3e38-4639-9a44-5050fe76ebbf.png,0,84,176,111,222
a77bd227-b2c6-4e25-900e-6a2a04234db5.png,0,114,146,93,114
c2e21014-9c40-4a7a-b1c4-44de8d4fbf6b.png,0,78,188,118,203
e2270a55-5a9b-4faf-a729-0010bacda90a.png,0,153,250,141,202
c3dbb05c-7751-4abe-9025-81d1e5d69772.png,0,241,241,151,151
f8eef686-9ff8-41b6-915f-2d6df0263e5f.png,0,94,183,48,148
94c5c42a-d79c-4514-8cb7-86b303e96fa9.png,0,38,207,72,189
31df0eab-8dfc-4be9-a718-c17516ddd108.png,0,82,205,1,94
21e25453-6523-4af3-a097-6d378bdb0a50.png,0,105,146,143,179
059949e7-a958-44f3-a288-8ef026c57ce9.png,0,91,141,122,165
14484d52-c506-464c-9726-e9eaa7971e11.png,0,69,193,87,163
e11e2ae4-5b58-4c1e-ab8d-f5aa15f57c46.png,0,64,188,76,160
608bff95-bc82-41ee-ae7e-40e344788265.png,0,151,192,107,143
fb32dc38-fde3-4c13-a244-01f7a44b5203.png,0,38,214,84,193
da001b6e-6626-4fce-95d7-3bbebb4385a3.png,0,85,100,227,243
eabd1ce4-27df-4d88-94f9-03f0cfc83e85.png,0,1,235,0,139
9bdc6bd1-79c8-410e-a95c-af4381975f13.png,0,92,170,128,195
7357fff8-0bf6-4e8f-b31d-a7994d3fc2bc.png,0,217,217,108,108
802d3854-c6ea-4562-b619-a4e46ae355e6.png,0,41,206,83,197
a3b2880b-8897-4d3b-a141-87a42b555ae9.png,0,85,172,114,161
185688fc-24b2-4e41-8b4e-e0e65f683174.png,0,4,165,51,166
b94383b0-9811-4227-8108-f0af507688c5.png,0,30,86,16,53
7ebe4574-c23b-4ab2-bc4d-e3f9b61ac8f3.png,0,208,254,109,152
6ec8e892-f186-4233-a1b1-433715532dcd.png,0,1,121,64,152
43c3f5b4-deae-4240-bc30-f8b6d9cbe6f9.png,0,83,154,56,105
7ff33da9-c2f0-4aa5-839c-6f5d4c7f1a16.png,0,89,176,111,173
f1ee92aa-c74c-494b-a1c9-6b633adc26dc.png,0,67,170,100,175
668ae4bd-32eb-4b1f-8712-97c3c7a39294.png,0,20,214,61,186
822586f1-2a02-47a5-8e36-486a5fde3729.png,0,58,188,50,171
4b6e496f-621a-4f97-b8e5-d1396d622b0d.png,0,33,171,97,196
3f79b8b7-33c4-42de-846d-d15737260434.png,0,77,176,87,162
be63acc0-f087-48c1-95c7-6b2e93cc800c.png,0,1,255,30,239
7d888632-1b3e-4193-819b-167023817412.png,0,106,189,82,203
566fd487-f519-4a44-adad-6558de6e110e.png,0,85,129,128,156
49c2dac6-3878-4961-8d80-a09ae416b06c.png,0,27,143,29,106
b20e276d-42cd-4cf4-9e89-47f10314c80d.png,0,15,242,15,176
8db346bd-614e-4689-b66e-237d618720b0.png,0,163,244,31,91
ce19ea31-1283-4493-abb9-109e9840ce20.png,0,80,196,45,148
977de9a3-91cd-48d2-9134-6b493df97639.png,0,89,186,110,248
29de4edb-a173-4412-97e4-ec088b21a443.png,0,106,123,52,68
86c93c53-ff38-486b-b55c-17de7fcb3d53.png,0,-3,254,20,226
db418e19-04c7-4503-a005-4373ac37498e.png,0,52,152,105,191
5fbf923b-b363-4687-8ab5-6e2b22da2cc4.png,0,109,161,121,160
55f8d320-4c42-4748-bd13-eb9d9bf5896c.png,0,52,135,78,190
5a14a122-ac70-47e3-b712-f72e460a43cd.png,0,134,184,109,183
abebbdea-7e25-4453-badd-8388ba012724.png,0,49,248,60,255
b87f6d0a-a62d-4258-807b-b28c14ef7f97.png,0,47,101,73,118
e51a0cd7-70e7-4eb0-b92b-b756d398d71b.png,0,86,201,96,202
c1d0262a-5347-405c-a541-ece3e2c757e2.png,0,118,118,41,41
52e9b9a1-9312-490c-8d00-de002686c7db.png,0,120,184,65,106
5bdada5d-096e-4f59-b4bc-e406a14eeef5.png,0,98,174,38,88
09c6ad8f-8b3a-401d-a349-5cbafed7fa3a.png,0,164,189,146,166
63ab0e91-d86e-47fd-8b4d-23aee7154286.png,0,19,219,49,184
1e6dce72-765d-4c22-aa96-46ba58b4f7cc.png,0,71,145,19,117
e2cc4dc6-91da-4039-8a5c-9c03f16125c3.png,0,120,246,83,171
98194a12-5cd2-4194-8479-dbe87d6e7ca9.png,0,3,253,10,212
a3a201a8-1703-4276-b473-c3151f18c269.png,0,138,185,125,170
4233956f-41e3-4f6f-9496-4475bb937288.png,0,56,191,68,162
19f81bb2-5cc0-4b1b-9464-3491fce841de.png,0,136,219,194,249
654feb19-bd63-43ff-a68a-8cbd9f070b08.png,0,113,155,31,61
4a97c953-f195-40fd-b254-ba99e9b101fa.png,0,94,189,105,173
525b7f69-cc79-4317-b17b-c949908c518b.png,0,52,82,82,105
76b90e45-eab2-41ff-9f63-4cc588463a8e.png,0,38,173,108,203
a129990b-0639-42d4-9d38-ad230e1d4f65.png,0,70,134,157,207
06a9b581-1d14-4602-bb71-d6d173e5e043.png,0,71,159,121,179
52f8b68e-db0b-4266-955d-7d5dda8a4c1a.png,0,58,180,103,170
7e7fdd5a-c751-4920-832d-c390375c0fd2.png,0,73,192,0,74
75a15273-c8ef-432d-a220-406a12b5e5d2.png,0,80,182,77,163
c76f0c10-657e-4171-87c8-74435fee41e8.png,0,117,191,73,176
1ae30cc7-c043-4a7d-873c-937100c36c0f.png,0,87,166,57,141
02321b9b-325d-417f-9483-72c4abdeb3e3.png,0,6,6,30,30
43fe8e05-15de-4d87-99e1-3e8d4e4a1ddb.png,0,93,183,99,161
ecd829f0-8fbe-4c5d-ab4a-19e00ef05c74.png,0,61,144,27,84
2809f7c7-b0c2-47bd-a92c-efb79a50f03a.png,0,39,216,86,176
e3b6aed7-6ae4-473d-bbdc-90b3e8edfbd1.png,0,90,170,73,130
1c28a651-3d47-4b50-ade9-886d1fafd55c.png,0,17,234,61,175
fa6498f0-fe66-43aa-ab65-e6e534ccd2c9.png,0,63,175,77,162
4cb8cd6c-901b-4c18-85db-75b7a44949b8.png,0,62,195,63,156
a22e2db7-a5ae-406b-b0f9-782ef7347837.png,0,120,188,32,101
a842d1a2-79df-42bb-aa26-e9b5cc219c78.png,0,87,161,62,118
23464ee9-dd7a-419a-90a0-c05d9e4e8f76.png,0,71,170,82,149
4dd044e4-4424-4dd0-b256-1fcb185f459c.png,0,74,238,10,254
deb0ac00-8cf7-4bb3-9fa1-cb80628ce284.png,0,98,177,105,153
3a9e254e-c62c-47bb-b654-06b2764694df.png,0,98,162,101,166
3da865ab-ae11-41a8-9da5-827cfe411933.png,0,89,148,81,122
59ec95d4-0844-4a0a-8203-bf9daaecbd26.png,0,60,181,40,132
7c7f4e37-4d3f-4a24-930c-3e578a6906d7.png,0,66,242,47,248
96a39bf2-495a-472a-959a-d28af01a3e34.png,0,11,188,13,206
cfaceba1-7adc-4dd2-9317-61f4def34daf.png,0,118,118,119,119
4505d31d-eba2-4dca-8cf6-92beadbbdcad.png,0,120,170,96,167
4f93548d-59c7-4602-936c-9de1721b5a97.png,0,92,166,70,141
1a9e38de-9740-49a4-8ec6-63aa13a2c5d3.png,0,2,245,38,232
b6b31cfd-1b21-4635-899e-dfcf6e1eef55.png,0,103,158,94,160
490ffdde-0c7f-42a4-9b37-e3df21354105.png,0,65,198,123,243
a54f7d73-407e-4d13-b7fb-344088a4f525.png,0,5,204,61,246
7fd6e91c-5781-4eed-ae2c-6a5102e9ef13.png,0,95,143,100,131
bba099dd-7bda-4359-b274-396411bbc148.png,0,130,167,123,142
eaa57c5c-bcb3-4176-b369-6c9619e93c5e.png,0,72,121,124,160
ccc67ad9-217a-4634-9432-d5f92c949456.png,0,-1,254,30,226
9dd22f46-6f6a-472f-b780-f9f0ce54225a.png,0,62,202,80,180
52aa4a3d-5374-4fa0-8688-f2f99482a25b.png,0,82,185,79,155
43f22958-94cc-431d-bc6b-2f44f310d65f.png,0,102,137,107,129
ba7b9df3-15f5-45bb-a4c5-4fd74e1f2bb6.png,0,0,251,48,243
0d6006db-a3d2-485e-8256-b3f56b807fa5.png,0,21,253,10,168
98ec1e74-48ad-42fd-a0c2-5d98281fbacf.png,0,83,185,85,158
5546f555-b282-4d5f-a735-486f3d2ceffe.png,0,137,189,103,155
92dfa9dc-dc1b-447c-998b-cb5a988095c7.png,0,105,176,102,148
3580b295-80eb-4b6a-bb7f-98eeb09a6007.png,0,24,40,114,134
a0c1a171-b407-4775-ba90-685001187236.png,0,109,243,190,255
901dedf0-6979-4406-a9f0-72a4f64803f3.png,0,111,196,46,113
b4519f6a-8d02-466e-8cb6-34d4128a4ca3.png,0,42,64,176,196
f6fdffb6-e0a9-4f57-a508-d6fac45d15c3.png,0,75,180,88,163
a2755ba3-d04c-4611-a83c-a018adf2fa79.png,0,60,154,97,238
44300a6a-d268-4dd9-91da-026e0b23667f.png,0,11,254,7,245
80c67733-16c0-417e-9783-224844674c28.png,0,0,19,34,56
06134418-c3a5-4493-a8bf-6f28ba891b6a.png,0,127,212,121,188
8012463d-b293-4877-8417-7c5be856f031.png,0,87,174,150,201
cde000c2-3bf8-4f95-8660-deabdb3e78d5.png,0,68,205,84,204
f7982182-7bac-46f0-87ce-d5120ff6268b.png,0,35,247,42,195
2bcd2629-e8a0-45f7-8cff-f9424d4efa12.png,0,213,255,52,135
7aba7a89-f5fe-4a14-8531-debee6987f20.png,0,89,179,145,226
c59cf451-e36c-4c3e-979e-d8b2c9a93b79.png,0,120,120,99,99
ea75bb76-1536-42a6-91fa-f5385cc52bcf.png,0,212,235,58,91
7c63b9b1-646d-4f37-90c8-f11028c8e090.png,0,82,106,7,23
223a3b5b-a9fc-40fe-957a-ec23b8529b39.png,0,126,157,130,154
c810adef-f9ad-41ef-904e-51de22726e99.png,0,100,228,76,172
351bcbc4-7dd5-4282-9274-f226340d0e0e.png,0,56,173,87,164
925dd47e-d232-44a4-8258-1c525b3f1dac.png,0,78,162,68,173
43bd83e2-6a9c-464c-b3ff-28c00a52af8b.png,0,106,146,138,174
01233ec7-2270-4069-93a0-19c17dc5822f.png,0,5,240,34,242
80823d9a-c26d-49df-b7ad-8ede15c1e9dc.png,0,120,176,38,79
34c5232a-2945-4b52-91b9-b57cb2cb6c21.png,0,38,123,31,88
87857a0a-583f-47d4-bfb4-908ad726e002.png,0,81,255,55,168
cd8c8a71-962b-4da5-b635-ee2cd0543137.png,0,91,167,60,114
c8131ac8-d337-49dc-ae62-434956b1305b.png,0,101,162,67,104
ba0ff877-477f-46d7-b2f1-aec419973197.png,0,1,232,30,199
51ff4a56-3744-4ebd-989e-bce7c665156f.png,0,50,191,155,250
0dd53b5a-ebb4-4f3a-a69d-983e55c92c9a.png,0,56,162,80,214
a0fc9fc2-db21-4bf8-a19d-76378d93bf28.png,0,7,241,82,237
e028b829-af3a-4ba3-827b-13bdb4488703.png,0,98,219,74,233
f9e7caa9-d8b2-4848-b708-0d5c4d669751.png,0,14,116,78,142
8af9ae51-dbcf-4e1e-9fa1-07f3cd3959c2.png,0,2,247,18,214
37a1fce4-6f02-41a7-bba9-1f604431d448.png,0,62,77,71,87
68c246f5-e3b2-4fec-96d4-0055428387b6.png,0,73,184,73,148
bb1bb5f3-d2ef-481d-8113-b82ea7061db7.png,0,87,228,125,212
2f66940d-84ea-45a8-8be0-4276555b16b1.png,0,61,246,34,197
e67745cc-107b-4b8d-99d3-83476d0ac557.png,0,154,186,131,156
a450c163-521c-4142-812d-1a1cbcd0109c.png,0,30,63,201,226
57af006d-d6fb-4ce2-8171-9f08d7757046.png,0,99,131,89,119
d99eec9f-d8c4-41f0-bf51-cd36f19f7303.png,0,64,169,61,142
54bd770d-9e26-4b2c-acb6-a3e314839052.png,0,119,158,115,150
f7bede80-2de0-4091-8a42-64ccddddb4b0.png,0,25,75,42,80
fd2c2d71-8f59-45fb-843c-7f2e60b270a2.png,0,35,184,24,121
c8d6c084-3b29-4b98-a4c1-7f9a1840900b.png,0,46,82,2,27
b2d28da7-b655-4bdf-9760-c51de6719f1b.png,0,61,190,85,181
617ec301-3aa3-4d94-ba0a-ec45f14e5faf.png,0,114,225,115,195
072309a3-8b64-445d-831c-6130b562a071.png,0,75,218,47,141
bb026b6d-52c5-412c-8279-a40c6bd3d98a.png,0,67,160,144,192
ff044897-52bd-4be2-a6e9-47e969f15b48.png,0,105,138,98,128
46609aa8-90e7-49d6-80ed-4f284a216339.png,0,12,231,75,227
e1b6e565-58dd-4f43-8949-f6581b99c8c1.png,0,10,82,109,150
82c31825-3436-4756-a097-9d6f0db79bfc.png,0,61,207,44,211
002a0fd6-c5de-4e18-a98f-ad268d67a4e1.png,0,122,156,129,157
5c67d4b8-1d04-4faf-a5d5-455c34f7a5bb.png,0,119,215,28,98
9ed3270c-2b31-4112-8cef-3fa0ae2e482c.png,0,95,144,118,151
24fbf7eb-cf1e-4d7d-8b83-b790332d5ec8.png,0,94,162,43,91
f3608dc9-1ce1-4ee9-a256-1cc2620dc554.png,0,70,159,36,97
c13dd172-b997-43b6-a8f1-1960f9457ae3.png,0,87,149,48,87
b38e5257-8735-404c-bc92-c48118088cdf.png,0,197,246,107,144
3925422c-5058-4d16-9b6b-7fff7d9bab91.png,0,75,213,83,174
55686aad-0693-41fc-b49c-663fc487b79b.png,0,54,181,82,173
6b3b4097-90fc-4d13-99fb-b32f3f275544.png,0,20,100,202,254
dbda7933-7f40-47fc-bbec-ee03b18251d8.png,0,85,182,119,198
9e017ef0-033e-4be6-9cb5-0c04a666a8b1.png,0,93,136,93,131
b09d91ea-2979-4981-bd77-c20ebfd61123.png,0,92,175,78,143
e9ae6a85-a00d-462e-8c57-708e43e4edb1.png,0,137,227,47,108
10091477-5c6c-4eea-a386-1fa5e091a966.png,0,46,217,103,229
0d88b469-0d7a-4ff7-a91b-30834df0fdca.png,0,45,213,0,111
ddf5e459-3847-45c8-87b1-6c07050e4cdc.png,0,141,186,92,163
32109a9b-12c9-4f71-a5dc-9fc94171a3ec.png,0,75,239,102,216
7ddcffde-9fc0-4d98-bb10-3f1a8dbf57e6.png,0,131,163,141,191
3b31ce19-9151-4ac2-b00b-671f7e247f39.png,0,73,221,41,186
d71bb635-94e1-46c6-8943-1c6baedb702d.png,0,107,159,144,187
40d4fda6-83c7-478b-90ce-6153148283ad.png,0,65,189,43,132
295a351c-dd8d-461e-9e50-e177ce34d70e.png,0,86,187,80,146
8bfbe9cb-7f63-405c-bfdf-7956be6d45ad.png,0,63,252,19,214
ccc9b233-5af2-4da9-800b-6a37b4fe8b57.png,0,66,153,115,175
5c5f922c-e8fe-40a2-8312-be363394ae9b.png,0,52,211,73,168
f804a8c8-0b64-494d-9a12-b0df5005a138.png,0,115,172,101,149
c4c175c4-171b-421a-9551-6719b539c838.png,0,222,234,235,246
1de36e84-baee-4229-ad45-ce9a323e172e.png,0,73,224,35,179
c31c1bf3-029c-4056-9f5f-4f3274976ebd.png,0,132,219,202,255
b3e439cf-13f8-4063-a637-4ae7fb85f934.png,0,55,223,102,212
8e1496bb-a103-48aa-b75f-a7d362cbabbc.png,0,196,254,2,29
f2a740f8-8300-4b7e-b831-9250757bd55c.png,0,93,157,127,171
66532ab0-8110-4fc9-8478-b90ca3162ffe.png,0,8,254,51,225
c93a8ecc-722b-48d1-8fa0-ec7cd6b708fb.png,0,77,165,77,172
c42dbab2-eecb-4416-a6a5-b257af5b618a.png,0,43,162,97,181
52d8dadf-48e1-4a61-9347-27578fe2bd99.png,0,40,183,91,178
700f3e0a-a33f-4f3e-8221-21f8bf527f18.png,0,30,174,68,183
2da34eaa-62ea-40c5-be7a-eaa2b15ab200.png,0,56,209,32,152
88628963-e7e4-4176-84f8-c266eea0d731.png,0,115,158,104,133
e565138e-a561-4811-b04b-669160f95859.png,0,0,254,24,217
b512b965-a3b9-4b70-ac19-c4fb48e3f78d.png,0,74,175,56,123
d2b3191b-3f92-416a-9aa4-c4801a297e95.png,0,85,148,70,120
8300ab3a-fa35-4859-95ff-7699f6a7821f.png,0,104,179,88,167
fccaa41e-137a-43bf-bd45-86b0cc82670e.png,0,111,166,60,99
1325f7ed-6fe2-40bb-a374-0c5cbe4fd6b8.png,0,106,128,75,94
d5810020-3b2c-4423-af57-beb0939bae38.png,0,58,137,79,145
7937e5d3-281b-40be-817a-f4736d3e4359.png,0,2,185,10,139
33a2ba35-29ed-4c62-a9e4-e75503085dda.png,0,70,70,12,12
a4f25372-2e98-465e-9d84-3b45b2ffe3d6.png,0,30,250,44,194
7ad4c4f8-a03b-4b23-ba30-260ae335cff2.png,0,173,232,71,111
d46b2af9-e2ff-47d4-bda3-8f9fb91ffd94.png,0,83,188,101,165
29d8329a-a95e-4da8-814b-c592526919cd.png,0,88,160,119,171
61ead140-cfb3-49a5-9e1c-bd4f113d8e1c.png,0,63,214,57,159
53feba1f-0449-4f1d-8151-a1287d92b760.png,0,41,213,95,223
4c715f35-a49e-4035-8b5e-95286c3f938a.png,0,33,224,6,251
8071078f-0c26-4842-8a56-606aa1503387.png,0,120,168,227,255
ccc13eca-49ec-4978-99f3-83230b900dfd.png,0,3,249,84,252
813ee681-b9f9-4714-bcf1-9ad562720cff.png,0,137,170,70,106
d7191aac-3310-4fe3-bc6a-ea6f51e1940c.png,0,65,124,132,167
31848d2d-7852-4ff3-b8fe-0c1e6b908ecb.png,0,84,157,73,130
c7b8dbdf-5c44-49cb-ab9d-eebf02556441.png,0,5,252,60,204
fbccff6c-63cd-47c7-a275-8050f6e5df86.png,0,26,221,36,166
8274156f-b9eb-4a84-ad1e-f5b67ed5a07a.png,0,88,137,108,148
64f5680b-cc79-409b-bef0-22ef87fdd545.png,0,163,210,96,137
7a50c7cf-f033-4ea3-a34a-6bbc6dbf705d.png,0,88,124,137,161
d641e188-63f0-4798-843f-0858770423d0.png,0,55,167,92,242
c15a5944-7f97-4a6d-8d1d-f0e0bf802cc2.png,0,106,106,116,116
79891393-04f3-4456-b504-96d6cb073906.png,0,118,172,114,171
4f5f77c0-770e-4deb-a90b-a98468b034c1.png,0,93,199,87,188
f487a229-ee1c-4b58-86c4-e17a1828efb8.png,0,5,244,28,214
c41a85f9-e5a4-47d7-a71f-80e165eb4b5b.png,0,77,202,53,143
f0b46209-1afd-457e-be59-d46f8691cd15.png,0,145,229,191,252
0f0bdd13-ed8a-426d-83c8-32e5d637bede.png,0,86,208,74,160
fbba2603-cd9f-459c-a689-2acb2351de14.png,0,15,215,35,152
2e34ccf7-95ef-44bf-affd-528fea27cfc7.png,0,122,122,78,78
07b1975f-ba84-4d82-9fed-8ef7026e07bd.png,0,108,153,132,186
8fa1dab7-b951-4230-8fe2-f6cdc0785a8a.png,0,110,215,32,185
963d9cd2-1d08-480c-a83a-57d52949664e.png,0,0,0,3,3
b38bed01-2736-4e03-8423-10514d7e8416.png,0,108,146,53,94
73ae0d0c-092e-412d-9ebd-86943a406a33.png,0,66,162,80,143
f68a7d9e-c38b-4155-9ca1-4310c538670d.png,0,7,44,114,141
be232f33-4824-4902-bfff-46e5efd81ed6.png,0,84,145,104,142
307a6fb7-f999-4837-a5f2-15efa2c5746a.png,0,94,152,99,139
aba2a1af-ae96-4ca8-9860-b402a1010416.png,0,4,237,75,229
97aef006-1652-48f1-a349-f86a2fa87b03.png,0,62,91,104,126
ac75eefc-ef7f-44b4-be7c-0b25bbc663aa.png,0,105,177,109,161
eddd3221-7825-4498-863e-9c446dc44a1f.png,0,201,251,115,157
3d95cfbd-d440-4949-87c1-dbb4774ed02f.png,0,109,161,124,150
30848cc4-3806-4ba2-a550-b6d778bff126.png,0,102,195,42,122
d6b412a6-81c6-435b-a301-db41a8d36136.png,0,80,178,52,117
5add6982-035e-4dc6-ad67-5804150186c8.png,0,71,156,36,84
d093d7bc-6629-491d-a5ad-387e69a5f642.png,0,109,159,51,83
4ac5937d-03f9-42eb-af2a-78b2501cd637.png,0,82,177,78,129
8842c2f0-4229-4432-bddd-e8d62f5c9b67.png,0,85,175,147,209
24f39085-3502-4896-871e-3b26d540dff9.png,0,45,200,0,99
97c73aa6-9333-44a8-b41f-82b0e3fa48fb.png,0,113,242,180,251
a0f8ecc9-0b40-448d-8d0c-93cc7858205a.png,0,105,142,110,134
d051b06d-3804-44ac-922c-36616eff06c2.png,0,65,227,29,227
9b4cd4f1-098a-41a4-9b69-f71838d88af2.png,0,173,185,71,85
e66f0650-d8a3-41c1-9a88-bbc718599214.png,0,102,245,9,241
07ad031a-45ab-4310-ab57-216c242a849d.png,0,199,236,131,158
62293f1f-9b0b-4f32-a5f5-6c1cae0e83b9.png,0,103,141,101,163
0b0d755d-01da-4644-b2db-bb09c0e20621.png,0,64,174,17,89
9004bad8-f580-4d7e-8f6c-1ec3fb735c6e.png,0,115,156,19,41
dca34523-964b-47c3-ade8-bca47198dee6.png,0,26,206,60,177
4d6493e5-2f00-4fc4-b30c-219920d43988.png,0,87,170,27,86
a15fe8ab-5e82-45fa-8090-bee499454ee3.png,0,47,74,161,192
e5dae254-1878-4037-a551-abde9378d1fe.png,0,125,167,133,201
37865f53-1d7f-4509-a423-74225631869a.png,0,84,201,69,173
d99b7bb8-a8e5-4b45-a261-48cd0126c989.png,0,122,165,87,111
35b452f5-7aaa-4535-9739-0d72a3882fe8.png,0,57,152,149,220
eb1d9e22-253e-478a-a01e-f6527fabe59b.png,0,77,149,114,162
203944c2-9ba4-468c-8495-0b1e718db827.png,0,120,154,200,225
50b7966b-4090-4ff9-ad3f-cb3c58c81ceb.png,0,163,200,109,141
01b8c56f-0278-48d2-bb80-b784be70a98f.png,0,39,234,64,197
75234863-2ad8-4dac-9dde-539260dfe518.png,0,141,183,99,166
4fee835f-b30c-4093-9fe1-e6e1dddf7177.png,0,4,118,114,224
cb705945-f021-4dfa-a278-e94c6741860d.png,0,49,209,45,185
b77daa65-76b0-47d0-9476-6b0f93517ff9.png,0,114,155,67,97
030f357c-6d20-406e-9079-1a968a9062b3.png,0,19,149,14,113
a9d8a8fd-569f-4d77-a889-1fc296800ca2.png,0,108,170,38,86
fa71fe13-b7d5-4117-8399-17d93c590ba6.png,0,94,173,76,179
4c798565-ff2a-42ce-a01b-cf8dd3293fdf.png,0,74,150,102,158
dd5166ed-125e-4936-b6ab-fe00041eb1a0.png,0,78,181,92,166
30d8cfee-f7d0-4afa-a011-3bcea2ef8527.png,0,57,201,126,223
07458d21-28a3-4b99-be36-8e6f98282e5c.png,0,59,180,88,186
562590c0-1503-419d-b120-3ffaaa337efe.png,0,65,98,28,47
91e3665b-d392-4571-bae0-92a356148ac0.png,0,60,205,70,168
e7f42bf7-fbe6-4dfe-ad41-e244ee75efe1.png,0,64,118,218,245
f17ea090-83c0-4eea-bd9f-22260a1fef42.png,0,74,187,102,147
f2138646-9b39-4c0f-be66-05506f29b0ee.png,0,73,176,127,200
da5707b7-c52b-4294-b5af-d1d16828a195.png,0,58,230,53,171
73c63d9f-307b-4b51-b994-e3d021e802c7.png,0,70,151,150,211
98f83513-9881-4811-a213-8d08d8005edf.png,0,110,140,76,99
bd9b37e0-1adf-4113-a4e7-391f5541a310.png,0,89,142,121,169
f4fc597f-f808-4e2e-a67b-67ee2901d448.png,0,93,178,44,103
a27ca144-02f5-4606-85d7-62c6a5ac45c3.png,0,67,204,79,165
1a919abd-ecb5-4ec5-8234-c8f081843fc3.png,0,106,155,74,114
825aac39-620d-43c5-a237-c3c47d17a288.png,0,0,190,43,180
5c0ad17b-b1cb-4571-99be-78b9d8f30471.png,0,89,128,64,98
fdc77526-4620-40a6-9370-8549e693f47f.png,0,102,161,135,173
21842a0c-50d2-487d-adb3-1f7b9a5d7ce7.png,0,94,156,146,188
5ceeb5f6-66f7-4401-967d-bf6b8197b26f.png,0,89,236,9,191
215e3537-c159-4a98-9abf-9822e5186bf7.png,0,65,253,1,247
292fb886-efdb-4672-ac1e-417993066f7c.png,0,105,202,112,181
e6bfb00d-022f-49ad-b607-cf27cf95172d.png,0,124,124,34,34
2287f397-da8d-4b0e-aaf0-7992d97ca6ec.png,0,50,175,58,178
118ee0d4-8b1e-471e-a51c-2b74943078af.png,0,100,150,87,156
33a828cd-8006-4edd-9f7d-ebaff720af35.png,0,37,248,64,227
cc42af10-da87-4258-9125-0ba4bae1906f.png,0,69,190,85,174
a78538a8-f858-484e-ae9e-51777cd9a49b.png,0,87,184,52,133
623901c0-a5ac-4f56-b76c-b1cc65dc4188.png,0,75,145,95,143
20706ef8-de09-40aa-a5ae-886ab6a96eeb.png,0,135,177,104,139
51852fb4-e5c6-4638-98a8-be877bf438a9.png,0,77,141,85,127
95599fbe-4b1a-425d-ba3a-7c99449c84dd.png,0,83,241,29,235
82eb2b41-8184-4268-8d87-0fb34c8d5fe0.png,0,78,178,89,163
78f618cb-16a7-4af2-8e15-93a1f6438f45.png,0,83,161,102,219
5aebf96d-5d73-4192-84b1-24008006677a.png,0,1,251,95,254
06c369b6-0a89-4b98-89fe-a41ec060ca8f.png,0,15,252,74,245
7262bad2-e6ad-40b7-a455-d99fe3cbec83.png,0,154,216,148,192
8a0a483a-1e3d-4ff5-88e9-aa1644da58c4.png,0,52,229,125,237
c57ffaac-2d06-438f-a8ff-88490b2350e8.png,0,67,181,91,163
fa78b61a-8d67-4edd-b429-521bf2a415f0.png,0,78,100,30,49
9286d275-51d8-4ddd-976a-5f8f0a0c39bf.png,0,41,185,81,194
d301614b-b9ed-476d-b906-34d39a2bda52.png,0,10,246,51,209
7f89430e-97c7-4534-914a-cefc4751f5cb.png,0,123,161,114,147
23604fd1-2e92-4265-8ee9-50f8846f4c16.png,0,162,162,114,114
9ca3a156-db2c-4476-8f9c-b83e6865b0f2.png,0,88,137,58,93
2a4ad639-8cab-4643-b0ae-32153d201b6e.png,0,98,138,78,109
56679c3f-5a74-4e9d-8923-127abf17ca81.png,0,11,252,50,229
38536c42-867b-4463-be02-c0a6f4351ff7.png,0,3,241,33,208
e2fb0647-6292-457d-9205-8709e48495ba.png,0,65,175,62,146
8606f1c2-948f-49fd-b7f4-fc7c42b50fb4.png,0,92,146,113,152
5722083a-dff5-4d4f-9b77-ceeb90976eeb.png,0,116,205,85,146
6bcdd7e4-8f6d-4429-a2bb-c5e915d292bc.png,0,13,212,52,198
4f734944-00e7-40d6-8f6a-20eb6618b64c.png,0,94,237,99,199
4e9bfe6e-bc13-4116-b657-0c53fa3b47aa.png,0,11,62,195,230
c1b4d7fe-a32a-4310-9b21-4d4f35f9d096.png,0,61,197,85,175
0ee8ee4a-5bc6-4568-abc6-65c0f017ec02.png,0,14,207,72,211
c613e728-a246-4563-8448-3841409aee8b.png,0,46,151,88,178
e73abe86-3044-456e-a6d7-1958dbd3c5d8.png,0,129,211,62,192
0ed0887a-c595-4674-bfcd-44747a431618.png,0,49,254,24,177
d64ab4eb-d5b9-4fcf-9c8f-b3461961660e.png,0,59,177,60,142
40c10a71-d17c-4329-ae12-690338de20db.png,0,36,254,45,175
5bea3ca4-cb0c-4be9-9874-f8d37652af95.png,0,20,167,34,231
8ba0e49a-f1c0-4f6c-b9fe-4025739e16ee.png,0,133,163,88,115
71b55a29-6f76-4530-a525-5b3b97473acb.png,0,41,170,82,173
e5a00276-d20c-4dba-8c4b-2579026916be.png,0,62,105,99,128
1ce0478d-94d8-4a51-84f0-ba6a357171d1.png,0,27,79,41,75
7ff081c0-13d9-4ba5-aebf-44fe5b02177b.png,0,99,121,136,153
edbbe32f-dd6a-4354-82af-d469ad4d508f.png,0,104,191,70,129
9027f7e2-a712-4f74-b2aa-161f88d5dffb.png,0,50,182,68,147
df67d327-e77e-4ecf-9c48-fd81f11fc84d.png,0,127,127,59,59
4a0316a5-3b86-4b4d-bae9-eb16b305329d.png,0,87,133,110,145
9a3c9424-b1bd-44e0-96ee-e032b3e8b41c.png,0,81,110,84,100
724f1a89-f9b1-4ddd-9d1b-23a759e62b9a.png,0,87,128,121,146
ddf431ae-2c92-4150-9718-a350ea996cea.png,0,106,144,78,120
3eb5d60f-b763-453c-87e7-7bd36cff21b1.png,0,6,223,71,223
0d491b68-0c27-406a-a4c1-ea7ec44387e9.png,0,40,108,70,116
efb8769b-ed3d-4fee-aec5-b82b12f690c5.png,0,61,160,66,133
39768b49-da58-4086-be15-356ffb1db0cc.png,0,98,153,131,180
31fb4a36-219b-445c-8dcc-fb21d3066f67.png,0,146,254,97,174
4a230670-9a05-41cc-8683-c56ca0f0bf39.png,0,69,203,36,142
b2623af7-f875-4447-92eb-c1d2c540e1aa.png,0,61,106,111,133
8160c2eb-6a4b-4ddf-8976-2db70d3a0513.png,0,38,228,8,95
bc9a4fde-4852-472f-a153-988487156aef.png,0,53,215,50,164
6508ac22-602b-4b9f-bcd3-f5b0b0597737.png,0,5,56,175,224
087a904e-5cd4-4172-bc33-acabd9fabb64.png,0,40,140,80,193
3a9f67e5-9ccf-4593-af16-8891decf4a68.png,0,45,122,56,172
25ea909e-48e5-4c88-a4ec-3f8beec85807.png,0,105,120,211,222
72cc3fb8-458b-496b-bbb6-9a09286a6c3b.png,0,17,216,34,172
6106ee95-7b9a-453a-a673-f8582b8ed824.png,0,43,195,94,250
cd7baa2d-9930-4b17-a2a0-dc287f3bd788.png,0,122,181,84,126
19530a04-9342-4af3-8247-69a879096c46.png,0,58,148,86,163
2d12314d-14bb-44ad-8535-bcd5558b70dc.png,0,40,205,34,149
089c116a-d486-47d6-b3ea-b1834936b496.png,0,38,161,74,242
891d97df-6b3b-4903-b451-7cb8ed245e14.png,0,46,242,4,182
f5c16da8-4bb5-4905-a2df-55a3a3c1767f.png,0,75,149,117,175
74643c15-18cd-4be1-a710-1b38af874bec.png,0,78,165,23,82
9e813a72-b8df-469f-9194-52da3866c2be.png,0,2,215,49,208
7bbbe834-4ad3-4c59-82c2-494f25b79544.png,0,37,186,82,232
d72dfcc6-0690-45b8-8446-4514560ff9c2.png,0,3,233,60,225
0db6c990-1d36-477e-b5e8-50f5a1cd2e30.png,0,146,215,26,71
1d2bdec8-b1eb-43df-bb82-d042ec142999.png,0,-1,253,5,218
55ae86ec-1d85-4c6f-9fea-7d32c187e4fa.png,0,37,219,72,198
df1287dc-9a59-4008-b350-acf03b4ac8b5.png,0,25,246,61,212
e8e1035f-5c88-4711-9068-e16ffb2f1d0d.png,0,120,149,104,124
814cdf5c-11c4-44bf-b1f2-766b84bcc3fc.png,0,86,184,93,169
61584ce6-54c7-4683-b0d6-de45096d1527.png,0,5,105,68,156
d0fba548-33fd-49e3-9b29-2f806e4fd116.png,0,145,251,89,181
1ba9682d-e55c-47c3-ba12-3a6658a1ae64.png,0,62,175,55,136
498bcbb2-1714-46d9-9d2c-8eeb40f97385.png,0,55,157,70,110
06e38f2c-7c3c-47d6-a9d6-2388cdff0c6e.png,0,19,240,61,200
92a18d01-1f0b-47b8-bc76-0a8528644712.png,0,42,181,78,145
ecf82619-cfd1-47e7-bde0-649def2b452b.png,0,155,203,36,76
fd5b0bd2-9e1f-49b0-abb6-0751d7c7880b.png,0,38,223,22,154
1389bcc3-c9fc-447a-96fc-f7e3fa3dc894.png,0,33,125,95,151
9255be08-dc7d-42be-8d3e-0553046a19b6.png,0,87,200,47,139
59015de0-f90b-4ad1-a3fe-b5d33c639811.png,0,66,169,93,156
18dcd560-c469-4f2f-9143-2d414a522c89.png,0,58,162,53,123
0fe96d1f-3656-4663-884f-937e4a08183c.png,0,73,135,141,180
29fea2b9-45ed-4cd1-b5f6-5033545abcf2.png,0,60,190,23,103
1e5782a9-8b01-4eca-9bf0-e2646c6e10bb.png,0,34,110,59,174
6ee3821c-83da-474f-a064-56fac0b11cd5.png,0,24,240,93,217
4a062857-b46f-4eca-88fb-3bdede69d1a6.png,0,125,163,78,104
aadeb732-b351-4b5f-bd4f-e26484875e79.png,0,105,160,112,158
e5cc4d53-03e4-4c51-bf23-f195d533d177.png,0,72,184,118,192
8ece2cf3-4c4f-404b-9127-f7cead0ba884.png,0,104,128,144,170
52d9a035-6abc-4196-b575-187c5414a838.png,0,201,211,124,133
66a7b75a-04a4-4634-b20e-896c28083125.png,0,100,191,111,177
29661444-44ea-48ce-b963-4939fdef8fce.png,0,65,189,43,135
7d800b2a-fca6-4fff-84fb-8b4115ba9353.png,0,101,216,55,218
6337c22f-6fd6-46be-8347-705cd992351e.png,0,118,163,95,123
5c0ddcc4-d7b4-46d8-b627-26dc508f5802.png,0,67,134,117,174
3a8a45b8-e976-4dd9-8ab7-bbc574627e17.png,0,154,255,11,88
f216956f-3f4b-452e-980c-2081a03516e7.png,0,58,248,71,184
68cdb22c-80f0-4b54-a8b8-39ae33fd22b0.png,0,51,51,73,73
7e936454-f0bc-43af-ae77-aa250128810c.png,0,46,159,74,189
0bbf5272-9b98-4f48-b99e-adadd2e4e905.png,0,112,163,107,182
e24e1253-c54f-4e06-bba9-cb75ef4252c5.png,0,2,249,6,236
df7d76ab-a3d3-4675-9ea1-8187dcc21439.png,0,89,175,51,112
47ad5da6-c5b5-4f96-b317-8207d2c97111.png,0,62,209,85,185
f721e631-e27a-4413-b206-d2393d4ff606.png,0,39,129,58,114
0774736e-142c-4132-b6a3-4a861ff7c676.png,0,3,251,39,207
91774432-18d6-47b6-8149-8059af72797c.png,0,72,171,75,175
0042758f-e398-48b1-88b5-25fdef556752.png,0,68,188,80,164
341c447e-10f8-4fb7-995f-f7024842b251.png,0,172,172,38,38
5b3ae50f-91ea-41a6-bbc9-58ea54025e6a.png,0,52,106,103,197
7f8d008b-4703-42c5-985b-a6ead360a211.png,0,111,142,235,254
c3ac6668-ac36-4e0d-8991-34f3d20ab037.png,0,19,204,62,188
8ea64884-9c91-4c13-9ab2-8bb7c22dcf93.png,0,23,249,28,173
d78ebff3-afb3-42c4-8bbd-3a3c82e471e2.png,0,30,243,49,227
9f9e89e4-33a7-4f4e-a63f-6a98aaba26b7.png,0,117,225,82,162
78f34d63-0300-4502-9889-b66595aab38b.png,0,49,248,60,225
14636115-9b35-4a6b-8789-8bc95fa66210.png,0,117,166,79,145
473dc0b2-5ac6-454b-9d82-5c6236ba9a8d.png,0,51,179,126,208
9d7b4c9e-2e08-4cde-b972-413c05d04e10.png,0,23,226,92,236
1ffb8954-c1f6-41c2-a28e-03bd20335526.png,0,30,89,55,95
e8c60213-d0a2-4680-b04e-02114da613cf.png,0,105,122,39,56
4d25847e-2890-4982-abd6-a0b4fedc4550.png,0,89,109,94,132
264c7caf-7c6c-4d5b-934d-86aa4db5b5f0.png,0,37,181,133,210
d589bfbb-40e0-4225-a6a7-c32af6d453c9.png,0,19,226,44,208
c9c7ebce-0eb9-4307-b9b8-9ff13aee0ae0.png,0,27,194,43,157
2ada6ed4-0a3f-49fe-86f7-ecfb987381d0.png,0,55,176,157,248
e7c25b03-0a45-4c98-8153-19f820ef9100.png,0,97,136,127,155
92e92cfb-8c7b-43f0-aa14-6a585ff7f7b7.png,0,67,182,84,176
23619b6c-e710-4fd8-82ab-daf51c04485d.png,0,29,233,78,209
2f0f38ba-65ba-4a64-ab8c-8bafbe755048.png,0,184,252,118,171
dccbe378-274e-4927-83ed-3d50aa86df53.png,0,1,230,47,164
186edf37-a68c-49f5-a840-55fb806c6440.png,0,69,192,130,216
8710a81f-873a-4968-9b93-48e910a9dfe5.png,0,79,176,77,157
6892ad05-dc74-4d90-8e91-08af97bbbe17.png,0,104,162,135,181
298b46cb-418b-4b74-bc97-6d764f3b4db7.png,0,28,164,55,168
02a5d3d0-7b46-44c6-8888-c00bab71f95d.png,0,75,199,103,184
260f8c2c-2224-4416-8284-764807c7faac.png,0,46,200,30,147
6221dd8b-789b-4ea0-a61a-bcbfc8fc0d1d.png,0,78,161,93,165
d4c3ae2f-f879-4ba3-b473-0e72b38e59b7.png,0,65,191,68,153
a8fe100b-85a4-4d2f-ba0b-c4bcf8025fa2.png,0,28,52,54,73
c50ce2d3-0955-4f37-9436-9d0024e881f4.png,0,48,204,77,185
ffa262cb-382b-4897-a8d1-89c539a24b3f.png,0,119,119,160,160
2b6cfb21-a11e-4f2e-b598-2382b53d5758.png,0,144,168,60,82
d2b76406-1604-473e-9af1-24d4abd3b247.png,0,62,145,88,145
01345598-9217-4cf6-9c57-7b35c44162b6.png,0,75,171,116,195
29317c53-dec5-44f2-b450-98739a637310.png,0,73,223,43,163
7482d54f-3967-453e-85b2-e8292ba93295.png,0,35,222,2,248
ba860f67-4775-49a2-8775-46450c2708bf.png,0,102,163,61,161
88591852-0e83-4c8e-b2a5-64803197f888.png,0,40,142,92,177
3a516c26-39bc-4dd4-93e8-a53b3c926939.png,0,56,199,73,178
844e27fd-5466-4708-b24e-6bc6cab4a90e.png,0,77,156,103,158
6c8b24f8-e7e2-4ba1-a5f7-1187ba1cda57.png,0,1,1,27,27
76153d93-3e55-4f6c-bc76-a96768c61961.png,0,69,166,39,126
226ecca8-14f8-495d-a0ec-8a868f7df7f7.png,0,67,182,91,165
4f7aef07-3237-4374-a805-d3d92c990f69.png,0,169,192,92,119
c8e76393-3f06-4194-b571-e1e6d641d50e.png,0,95,210,97,178
ea9afa4b-5c27-4278-ba23-ed54b06c99cc.png,0,133,219,78,154
b34c00ca-081f-4e0d-8e57-20deb34ee5e0.png,0,120,177,7,78
ce889876-bc4f-44c0-95ef-3c35c0332e71.png,0,43,209,79,193
b7f62113-b1e1-431d-a4b4-ee1e6c6a3f14.png,0,77,180,146,210
a57fe5a1-9074-442f-9df3-93cdbce58435.png,0,7,218,69,187
e0c46d03-e97f-4c4b-aaeb-3b93bb1659fe.png,0,93,211,26,227
11df7f4f-b128-412b-a795-9ca213348385.png,0,57,118,63,118
0cec1ffe-94d7-4bbb-83b7-7eaa7fa3e51a.png,0,89,185,85,167
8b6fc3b6-5648-4b61-8581-975f06d0b141.png,0,125,187,160,208
40a0a9e2-0697-49cf-b49e-4184654192b5.png,0,152,203,16,64
cb31e2f6-56d4-427b-b817-5a1d619af283.png,0,57,122,84,189
abfc10d1-a876-4ce6-b5fa-ebfd1363ebb6.png,0,11,193,53,171
1305d11a-bc1b-4cd7-9525-2d4580564e60.png,0,82,178,29,97
fd3fb7a2-f4a5-4cca-a829-8dfc79e2b7e7.png,0,113,138,92,120
98703d43-b29e-4c14-b677-a275336e2e88.png,0,96,137,104,147
e12b8b55-3694-429d-8d4a-5243a63733b7.png,0,108,129,74,90
cf2b274b-defc-464f-ae13-bcbe254564a0.png,0,46,179,57,147
517e6459-d5b7-48c6-9050-28d1348d4ca0.png,0,42,95,107,141
f158332d-65ca-4470-91d5-1fb06bbf86a7.png,0,87,101,108,127
33e5d17e-c0f6-4dcc-9566-020085648a0c.png,0,8,249,10,242
34263101-ca8b-4534-be80-5e01fc9ed306.png,0,36,222,61,197
92538ccb-c5a1-44ec-b740-d84ccf8d4445.png,0,183,198,97,111
d017a482-f9c3-47a0-969b-94b767d1d042.png,0,51,191,48,163
86720690-67fd-461a-8cb5-9983f3fa3984.png,0,92,142,104,154
0d76b9de-fa6c-4dbe-b452-8d2746738634.png,0,173,199,116,141
70625565-b3e4-4df6-8182-84370e81f3b5.png,0,46,209,71,174
398701f9-01b8-465c-bb1a-e05733a73efa.png,0,104,151,131,190
b8e2bca5-afdf-4ccc-b871-5c64de7227cc.png,0,105,211,83,157
beaa8d8d-0a9b-4856-9653-4e0fac187048.png,0,3,254,36,206
4cf3f9a7-40b7-4f27-829c-4be0eccd31df.png,0,10,201,69,193
df62e446-66b5-4ec1-bd0a-dfb3a3a34adb.png,0,75,198,42,221
50f25fd9-db68-436e-9afe-4433423e99de.png,0,171,210,178,210
eec61a91-2441-476d-a94f-dab5a7ab62bf.png,0,61,105,149,187
3610f9be-13f8-43e7-8cc2-35115f38ee1e.png,0,93,175,92,206
e277ec37-a8d0-41e7-b5da-37b55005b924.png,0,89,141,106,155
b642e490-0d1c-47d1-bc5e-c04284b5b674.png,0,69,131,84,173
54365fb2-26ec-4db5-913b-6e1666f8f343.png,0,65,166,128,205
39247d05-5372-4ea1-906a-aaedf82bb4de.png,0,158,189,40,65
65f15d3a-8ab9-433a-97b3-c1d421118fc9.png,0,28,230,22,189
bda15a05-72cd-4bc7-994f-182dc91d1377.png,0,106,174,146,188
3213f0b9-8da3-4b16-814a-c4d7e6bc285f.png,0,19,231,72,209
631469f1-a566-47e3-b102-849e5e7e2847.png,0,115,164,102,137
79c4adfa-0a27-4725-a093-d643af22494b.png,0,26,207,26,177
5c0e56cb-4872-446a-9357-c9aa1680fdb1.png,0,54,126,83,182
ba7b390d-5429-46d7-879d-b0f5bc048010.png,0,29,239,52,200
cfcdda29-9fb0-40e7-9cb0-0a9be45a50a6.png,0,119,138,-1,13
9925b6f2-1a79-42a5-849f-c90c8e7cbff7.png,0,99,142,110,171
8863d97f-d777-43d7-b5f4-837036a3d27e.png,0,181,199,177,189
6ebf2c6b-cac1-4f45-8c82-6c7ce88b6e14.png,0,9,249,56,221
40f9e36f-f7a4-4ec6-9f86-a2dd21072e99.png,0,79,202,59,153
65cb6a81-3cb5-4030-b211-adb6efb04bcb.png,0,27,74,17,76
5b9ae44a-d336-40d1-97ec-927abc0146b9.png,0,48,191,82,164
2b4e5c92-1df5-4a13-b797-b79f17b974bd.png,0,18,72,14,53
deb1b952-ff25-469f-905f-da4d85275269.png,0,81,232,85,201
2a284faa-3e6c-4f17-bd44-ac58b1211214.png,0,67,160,83,145
21a650cb-195b-4712-911e-26e4410c6c65.png,0,5,251,31,236
8cb35250-9597-4565-951b-a0e3565bdace.png,0,121,216,35,207
826be039-85aa-4745-b3c0-7f66704e1702.png,0,52,182,62,148
5ea3db44-706b-40ef-996d-d8dd0ad89279.png,0,73,165,18,92
5343506a-8858-448d-b59d-326d1d769137.png,0,120,190,167,213
7cc4a0d5-fca1-4e02-96e5-5882a566bbc1.png,0,50,204,27,132
2df0ade9-fe8b-40eb-9470-4858466a1129.png,0,130,207,140,182
3c837769-f6fc-4d28-90a5-5df4bfaaeb7f.png,0,110,145,99,124
863bc53d-696a-4395-b9db-432b0cfb9b19.png,0,97,159,85,124
0b0843ab-5f34-48fc-b960-df6ed2a3a0a6.png,0,14,80,37,113
a659a5a1-be74-4678-b079-a225edd2727c.png,0,8,57,205,253
6ee12351-3fc3-427c-a6a6-baecb1fe19f9.png,0,57,204,92,191
b039c0dc-39e8-4a63-b4b9-c6f1735a5a22.png,0,39,145,56,124
77888702-9a4b-4cb4-892d-59d9189165e1.png,0,44,193,56,155
69b189ca-650e-4b41-82cc-51c2efb26192.png,0,78,232,141,239
7fd32fa7-6b28-4011-9b98-983f7a69464d.png,0,104,171,140,183
25899bf1-ae56-4e29-9a95-18f088e6b94b.png,0,59,178,30,130
4593b6ba-ddfb-448a-a5c3-7f54b8764979.png,0,67,199,66,157
896752fc-b293-4c2b-aa9e-237252bcd041.png,0,96,143,108,142
1c864083-fe01-427d-a50e-20a68a90086e.png,0,93,145,100,139
4cd2c8aa-eb10-43c0-8bb0-957d7f1b48bd.png,0,82,180,54,204
803b043a-866f-4caa-ac65-de81b6ad6475.png,0,6,165,58,189
516815b1-7dcc-4f64-a9f4-2f1df3eed92b.png,0,52,184,92,185
26e31d08-8754-4bbd-8e0d-932aa86b745c.png,0,48,216,70,188
2656a444-1b54-4d5a-aee7-93fd6f7a8ff4.png,0,120,152,90,120
d3b0078a-751a-43a8-8cc7-141b5b71610c.png,0,50,90,187,215
79ba2eaa-adf0-4aea-a779-977e6145df7d.png,0,104,123,149,166
48bc4c1e-93fa-47d2-854b-9ca0b3078601.png,0,84,175,121,187
a70fb748-0855-458a-8528-e29b78cedbab.png,0,2,252,34,223
053ebe95-4171-40bf-9d79-362e7b493d38.png,0,20,137,64,225
67145347-86e5-4934-a5bc-056050f87f7d.png,0,0,255,21,228
8f689d82-d075-4b5a-b2f3-507266180c10.png,0,94,223,101,190
a7eb9a30-547e-4af1-8c7b-0a4e2205ac9e.png,0,47,222,37,159
1100105d-0332-45c4-bc85-8e9be420d195.png,0,115,166,101,167
51002f49-eb8e-47e6-9942-ff2dfff4ca44.png,0,79,225,77,175
7f5b1f3e-16db-4887-803a-0664fd396808.png,0,74,205,129,217
f4a950ca-ea5b-4b1a-a962-5c96de35f01e.png,0,75,158,99,151
4fc39178-012e-47da-a606-4f73ad89700a.png,0,92,139,133,161
3b794e5f-290e-45ee-85a5-5ea44254ffd8.png,0,54,218,122,227
11b8713b-7c46-4ffd-86cc-6ee5af050816.png,0,94,180,89,165
a0e0d31a-b14a-44e6-9935-265b4e53547b.png,0,127,251,119,207
d88a4101-48c8-4a59-9956-08350223996f.png,0,116,144,74,100
a6e14e1a-cb41-402b-8091-e5d94f49c1c3.png,0,73,188,82,172
dd883b1e-11ae-421e-9d63-428237b5ac48.png,0,106,173,111,164
4ca8829a-311f-4524-8b16-a410904c58e8.png,0,97,136,82,109
dbbdb5e0-7fd4-4772-8c64-cc9cc463e251.png,0,36,88,43,76
1546dfca-c849-4653-93f2-6195e934772f.png,0,119,182,102,205
a9b3d631-2f72-4a3b-b67d-7a4028e7b476.png,0,98,132,55,79
4adc9b81-a0af-4725-9200-622d2d185d32.png,0,17,244,52,209
d14279e6-1d86-4cda-9ef1-b31ee601f2b6.png,0,75,177,112,176
0805a542-28ad-4902-b45f-3c3782a61af3.png,0,67,101,187,221
39a06abb-f483-4971-b0e9-a4a7bcee4ca9.png,0,38,204,72,188
11b47bb7-c470-49d9-b113-972e2fa0ee16.png,0,16,234,55,209
ed1f2cd9-e132-49bf-a1ca-2c0341d60ed7.png,0,124,189,97,187
1d9e8f92-e8c6-478b-9947-dbfffec54915.png,0,76,243,5,249
9db8185e-0952-4124-85e1-ac1ea27ddd7b.png,0,121,177,171,225
426db2c1-c531-409f-8122-b41908fde54e.png,0,13,111,64,143
68aac234-4766-4c19-9b37-439dabf8fc47.png,0,1,219,42,200
929f40d1-3dd8-4047-8357-35510f2d92a1.png,0,101,236,107,185
5fd59186-5646-4099-90a4-dd6b7a4e5578.png,0,112,140,148,172
4c4da0b9-a552-4d47-a00e-6af1db2a0e1c.png,0,102,152,49,84
da7ec455-10a3-4c0a-a449-c4aa731b5e1c.png,0,5,219,30,209
df7332d4-8639-4c2a-97d7-0f034088438d.png,0,74,205,19,225
72b7e249-4b56-4690-880c-908b01ed59f1.png,0,28,149,94,171
9977d833-030e-46b3-a875-694d4f24700b.png,0,6,253,35,226
50f9768c-6320-4200-b98c-bd0eccdf463d.png,0,1,254,35,225
3a58263f-9e64-4720-84d0-6d2c3aa54199.png,0,55,198,10,106
0f4ea097-bf8a-411c-aaf1-680071c180cd.png,0,135,176,116,154
bf8bd6be-5f73-4c2b-84d7-8f65f4a381e8.png,0,90,143,146,189
16121791-8402-4498-afcc-7d471d1286fc.png,0,96,210,96,182
475cebae-a2db-46e9-80d7-369d6aa5a789.png,0,148,195,72,110
3bc9263c-1a74-4c88-b5c0-0caa249dd136.png,0,157,175,114,130
a6451852-4d2e-4eea-b579-8b5bb0aa0e5d.png,0,44,211,82,225
85dfe9e9-69f9-4c78-a5f0-820c83a451bf.png,0,91,219,119,215
f74e00a9-50c6-470c-a9d3-8a2e4ddaab8b.png,0,110,160,56,94
2145b693-aa8e-4f0e-af16-44be15f99680.png,0,76,231,36,249
2e9d73e5-d717-4ac4-b363-8e26f20ee2c9.png,0,25,83,76,117
5859bafc-b239-4f8f-aae3-de709ac872cc.png,0,1,230,74,210
91c938ff-49dc-4a2c-9394-387ab2966c56.png,0,3,254,37,244
13193cf6-2d87-43fb-b08c-dfddf7071ca9.png,0,27,234,29,143
4c964036-50a1-4587-9f25-de5a471479d1.png,0,26,249,16,182
cf7a7f42-5823-4465-a293-7fd1b176b5c6.png,0,91,149,55,89
49a56da8-3d35-43aa-a194-fff87023cfb1.png,0,19,215,134,255
f91771fd-de64-4d6a-ad24-74b8f706dcd8.png,0,32,81,90,151
0fe18fc9-5b21-4853-9a56-e23cc6e15e54.png,0,64,254,47,179
b9b346c2-6144-428e-ae70-9e67f40388af.png,0,45,199,46,199
c4fab51c-7d33-4dfd-94ef-71d9547ea0b9.png,0,75,237,91,233
091ad6ae-7c18-4452-a900-c3fd8e702656.png,0,91,154,39,78
b77d90bf-0a02-4619-a372-e10004c2a47e.png,0,111,141,124,149
366684b7-1caf-4f1d-b9db-5e907cd63699.png,0,54,213,77,167
415233e0-9fd7-4fc0-ab0f-b4697eddbe81.png,0,3,248,65,241
d7f9c36a-ebdf-4632-a34c-900e290a774c.png,0,56,139,165,222
8c89c745-82e0-4cc3-846c-16beab903ca6.png,0,1,122,63,156
24dad280-4843-4f81-9329-8605785b065a.png,0,5,254,24,194
b1d64a56-e0e2-4627-ac4b-4f61a5b9fdda.png,0,102,135,131,156
55023f96-a865-4ea6-91aa-e253d8c561a5.png,0,183,209,135,157
fc9a5cfc-37e4-41fa-a4ef-f7656bd265c3.png,0,40,253,49,221
a2b203b1-f0b5-438a-b2e0-4acd29618723.png,0,7,37,209,246
165a73b7-5a42-4bd4-bfc1-b8646508e78b.png,0,81,166,65,121
072900d6-a48c-420e-bb1e-0bf70da7255a.png,0,102,157,103,137
e5679a39-c196-4045-9915-ec76e7a4d431.png,0,64,248,32,207
5588013d-db20-43c9-a684-1a6debee56d8.png,0,82,156,77,132
bf192661-0315-41aa-8329-884157225d91.png,0,150,189,134,178
6f5d405a-b02c-4509-81a6-4acc6357526e.png,0,60,112,112,150
23c141c5-a188-4a2f-9ab9-770859b90d64.png,0,51,150,98,171
d7b8e7e5-c586-4aae-92ab-18a52c4545f9.png,0,10,232,1,155
e02cfe2a-a021-4c1f-b630-60bd1251ba69.png,0,94,147,141,210
da309cb1-7ddb-44f2-a6c1-a1ec022bb1c4.png,0,114,161,90,132
b53aa65a-0561-4e12-bf4d-d7d253539818.png,0,73,186,63,139
8967b815-d8da-421b-a4b2-ff75cc688653.png,0,83,151,126,177
e4b5c6bf-7883-48d5-b6bb-7fd27fe9c0e5.png,0,4,255,52,213
eb11711f-1a4e-4840-bbf2-6d402e855ed1.png,0,112,169,70,136
5417ddac-ae9d-4cc3-8635-0b7ad1829421.png,0,4,250,57,225
33244b84-da0e-41d7-91aa-1fd7dceae8f9.png,0,79,109,97,130
d4ebbcb3-0169-4ec6-8d00-3b5e46ce0876.png,0,62,162,132,197
532b1039-fa98-4ab1-9d20-02d72cb03e10.png,0,49,185,30,128
72e5e330-68c8-4740-9fc3-845e4472fb14.png,0,42,236,94,226
a89f9faa-d638-4271-8746-b865e876249e.png,0,90,171,48,188
59e28c26-57f9-4eba-840a-fce1a7641508.png,0,1,212,76,216
516bff1a-d8a0-4934-b35a-2c1c18a6eef9.png,0,40,205,44,165
868d5d0e-cbc7-42bf-80eb-1b676b323071.png,0,61,114,103,144
faba7c45-99e7-4200-bc45-67e4eed773e4.png,0,4,233,3,131
f5c4a39f-eeea-496d-88a3-3b09b1ec51c9.png,0,108,154,94,126
9262e6d9-5b78-429c-940c-c902c6ab0b26.png,0,67,214,68,160
4be6f250-441d-4880-9234-ac53cbad5646.png,0,81,137,168,225
e88bcc83-8756-4616-a520-d87f229a33dd.png,0,81,169,109,170
a4db77d5-e716-4ebf-9c5d-d01bf9b5529c.png,0,28,176,148,251
432b6e5d-169a-4665-8d2f-f19146c69e40.png,0,62,93,141,170
a363e9f9-3eba-4141-902b-ae744c0c84f4.png,0,37,148,67,137
3d5b68b3-fdf3-4e5b-b19d-e245056ab9c7.png,0,80,193,144,218
04def3c9-104d-426a-9817-89d3940142fe.png,0,39,153,92,193
c41a5dbc-088f-4ccd-afd3-28236e174d5d.png,0,32,194,69,180
3b8a8be2-c4fd-4ffa-9218-682108458c11.png,0,32,214,74,202
5985d104-9c9a-4224-9aeb-d91790cab1b4.png,0,90,147,53,95
a28d01d4-f7a3-4031-8cae-b99db020e5c1.png,0,55,187,110,166
380ebc04-47fb-4d09-8784-cfaf6bdd3672.png,0,32,32,62,62
f1626280-1942-46b9-90cf-aca8623e1f1d.png,0,26,246,38,213
d8bc945f-a2c9-42b2-adb0-98459b514ff3.png,0,110,146,57,102
ce23e3a9-895d-4e81-9ab4-05d2410e0894.png,0,0,214,36,201
6daaa2d3-46f0-45e7-8d0b-ab68036b7192.png,0,80,162,77,154
87708cac-d994-4236-b605-d26f8f674c36.png,0,67,210,61,165
0527c195-8c0b-4f60-a552-1f1f053431e8.png,0,95,132,25,51
cc7d0642-053f-463e-b1dc-0d74f3949706.png,0,77,190,25,99
bab7c9cb-aafd-42c9-8b23-f1f141099b82.png,0,152,204,95,129
67ad83ce-e2fd-4844-bc09-fd1c0ca90a97.png,0,1,80,18,169
3096cb27-4541-473b-82a4-a495aba156d2.png,0,103,160,98,156
454dfd53-7407-4f2f-8e7b-ce97f80f7cd8.png,0,13,253,79,241
d89e5ac5-8e4f-44a6-89c1-cb817b2720db.png,0,94,179,107,159
01479f71-876f-49fc-a464-5bd91d371e06.png,0,0,254,9,238
3a3f96fa-8d0d-489c-867f-7e593dcb2476.png,0,78,172,102,147
b9e31d74-2216-4181-b398-de4ee7557e42.png,0,79,99,140,160
c006b9e3-4f2c-43bf-a695-6e3b92fa775f.png,0,-1,254,29,155
66f161d0-d463-482e-b4ab-af535db69060.png,0,134,188,106,148
544ad108-c8c6-4642-96f2-eebf6cdfb3de.png,0,87,136,101,160
4d201608-54e6-4923-95e6-b5bc4380acca.png,0,99,182,30,100
93e66637-72a0-44e7-a475-8d698c758dbb.png,0,135,247,159,241
ce3a8724-8552-47e2-9b16-65fbf7f8fe8d.png,0,1,164,38,150
30e56d34-59dc-40ce-ad2b-0f2fbbda496f.png,0,70,100,69,94
90555c88-4801-47b3-809a-f743cf8519f0.png,0,87,151,110,164
53254040-b689-497b-87b3-8582bc7d84ad.png,0,11,234,55,197
377b4c8b-bb39-4a25-be81-12c63a9e3615.png,0,80,99,37,54
737215b5-b626-4dee-a92c-582b0b71f76e.png,0,128,146,94,109
b0484d92-370f-4efa-a53d-734d808a60e6.png,0,52,190,66,158
9d12f7de-d442-4e95-8492-b311216d22de.png,0,84,156,133,188
84906da7-38d8-44bf-a950-a7acaabc5545.png,0,3,230,40,207
ab9f102c-f0cb-4aed-8f0e-49c4c0dd8cb6.png,0,81,167,117,171
f869ea3c-78b0-40b4-91df-ab7e20e27fdf.png,0,67,201,111,236
4bd6c87e-a2ba-4d0f-86b0-e4b426c0605c.png,0,46,241,64,166
e6c7a173-fd06-4d3c-8203-4d361cade9af.png,0,34,255,55,143
4eea8ada-8d87-407c-94e5-5c9138ae5372.png,0,91,186,65,132
66f46c67-7217-423d-b75a-b34838c8706f.png,0,94,201,91,159
476f2bfc-be66-4d8f-b77d-dbfe6bee2e2b.png,0,102,165,85,129
7dce05f6-b192-4f0f-abd3-b23a57642c23.png,0,90,166,76,139
61a24342-3f06-49e0-89cc-a33429edee9d.png,0,123,237,103,173
95a04b26-fdfd-44cf-8e6f-538da5b8ddff.png,0,81,222,86,185
fe069867-1c0f-4586-85f7-8de8751c3045.png,0,56,192,74,169
02b5e0df-f20c-43ce-835a-60c592f413cf.png,0,28,212,70,193
682336ef-7a82-4db2-87ad-34d6a0f40734.png,0,38,139,67,161
99768443-1b05-4698-8ce6-a37d87aad222.png,0,99,169,27,75
f2e2b2ca-d397-4364-a2b0-8f74a9255e4e.png,0,41,237,88,234
fe7d1123-d7e2-4522-8523-56ee14ace8ae.png,0,53,145,78,188
e699ce27-30eb-437f-9d0c-71c9a288ecc8.png,0,93,155,112,158
2f33e0ab-62ce-4528-845b-afcc808acd03.png,0,24,240,58,221
f2583093-73d9-49cf-872a-c15a79c5fa61.png,0,68,150,164,214
83122c5e-4997-410e-b113-c4036e5660d5.png,0,60,163,86,155
76aa63f8-e9bd-4ef6-bfd8-bf78b61b956f.png,0,83,153,117,164
e425f308-bc1d-48bd-af75-028e6f1be25d.png,0,69,119,77,130
bba3ed78-a9b5-49b4-af10-efff5d94456d.png,0,154,221,69,113
3d067802-6870-4bf6-ac22-11665773116e.png,0,25,106,128,193
06dd0401-bc1d-4eee-8172-e8361e3d355d.png,0,6,112,43,152
5ecfbf41-db12-4ccf-8e3e-a0c3baf6a08d.png,0,5,223,46,189
596afab9-9bb3-49f7-ae47-b647951024d4.png,0,43,191,39,131
620a375d-a53e-4d25-ae6c-5a283f9bb14c.png,0,61,186,110,190
2e8a5fdc-daf7-4b2d-b0e8-38f5e19895fc.png,0,120,154,232,255
0e09698a-2694-4b9b-b198-59ea030f0d1c.png,0,1,255,85,255
558006b2-459b-40da-89dd-0d5feda9fc59.png,0,97,131,187,213
b01d0c2b-1f87-45cb-966e-c2bb48da02c8.png,0,102,128,97,126
eae43fec-f999-4096-afc6-1dcee21edbf4.png,0,102,158,105,143
3defb1f5-66f5-47d4-a598-96d613e32f66.png,0,113,174,127,167
e64ea5d0-9d86-4ddf-9df6-9869f83e922b.png,0,158,231,48,114
3d4dc503-1139-4e8b-9f5e-ab051ed73ce7.png,0,91,166,130,192
3b0afe19-f72a-4512-9f33-4878d2a0193c.png,0,86,163,24,98
3a6d6f40-be98-41d8-9f01-d3d1846bea78.png,0,140,197,94,158
2977e57d-eaf6-4c53-9cdd-4fb9d0118ccc.png,0,8,255,44,242
28b8dd26-12ca-4e65-8227-3f6e51f79865.png,0,149,175,91,121
47381a0f-895a-4a6e-8e18-1b0cbfc768ef.png,0,37,216,25,148
9477237a-ce03-461a-8f8d-9fa69f3e27d3.png,0,93,151,134,183
e84e092f-fdf1-44b0-bea4-b7f877f312d1.png,0,74,197,22,213
a693b95f-b7d3-4d51-8b50-fa7079bfe8f4.png,0,100,164,130,166
c56bbacf-d736-4ffc-9203-d968f38068a2.png,0,89,193,53,154
189c2513-fadc-42fb-ba2e-5fc418295858.png,0,73,187,82,153
e031b4cd-038d-4c99-901f-747733cbdc93.png,0,114,168,53,93
f5896d94-6b63-4e2a-bd83-01c719efc491.png,0,68,170,90,162
d57fcbe6-4d15-4284-920f-17c4b28c542d.png,0,131,158,84,106
3612590a-0688-4650-9ce0-94cbfcee0996.png,0,86,169,20,77
98b98bd0-50d5-4ad8-a783-72cac70e0cf7.png,0,70,118,105,134
07a0c241-c192-4654-81cf-12129531b869.png,0,21,136,69,215
b0aae99a-7c36-4777-9e74-3337f453db62.png,0,47,244,50,184
66545af0-fea1-4322-98f6-947459adb671.png,0,0,227,1,241
5eabafcd-37a4-4838-a9f0-bdd0d3bc9f67.png,0,17,247,60,219
840746c2-f840-43d8-a191-372a11cc128e.png,0,71,226,79,183
ab6ab384-00d7-4da6-8140-febd355b1ad7.png,0,77,174,105,172
47c8874b-c624-461a-bbab-89a9ce591146.png,0,45,215,77,202
664f32de-0889-4a80-b1e4-45e350146440.png,0,1,197,63,199
b8dc7edb-8252-4b4f-ab0a-97a744873e2b.png,0,110,174,71,134
0d1e09b8-5ca9-4cc7-b3c3-a8bfbb61a6df.png,0,36,118,22,171
c180324b-d530-4daa-b0fc-435a18ed4e81.png,0,49,252,57,199
09f6a898-b80d-418a-9b94-d068a7ca4a5c.png,0,141,231,107,170
eb82a794-a1af-4ea2-af64-9e13a5d14eb3.png,0,81,208,108,194
4d38fa1f-8d1c-477a-8a3c-2373f75f6db2.png,0,16,236,0,162
7f85c518-ff38-4795-b50d-9c063f1a9062.png,0,46,195,7,196
885a9e68-fa63-413d-a713-a251aa1e46d8.png,0,125,187,139,197
df91d9f1-2d40-4d3a-9a17-3af4d2cd875a.png,0,47,180,78,158
4a616c8f-b652-434e-8101-75bb438a7d2d.png,0,93,160,156,201
d5415d3a-6c4a-40de-b8e8-b215617935b0.png,0,236,236,87,87
5b328fcd-6659-44f2-bf69-3a577c2d1e90.png,0,7,7,29,29
0d300d00-6f1e-43e8-a4c1-62ab6820e042.png,0,162,230,9,64
0b54faa7-271a-4f3d-baaf-dd4920dfbc01.png,0,97,204,94,167
33f67938-c728-4df9-bbf4-c53217eb90ac.png,0,18,219,68,194
1ce9f7b6-d870-4b70-8189-4b3a62f9a7b2.png,0,61,226,48,156
ce17388b-39e8-4ca0-a622-c6465d31e30e.png,0,13,178,112,219
342e86f3-3ce6-4b7f-afd5-98db46507f65.png,0,118,168,97,130
93c80b68-014d-41c7-82d3-d286f9deaf72.png,0,123,158,132,155
4c24c308-d6d0-4e2d-904a-00fc3b0acadb.png,0,77,201,69,150
28d53cc5-4e81-4e65-9f4d-1485f9d3b387.png,0,48,199,85,205
12e173f4-34a4-4b20-a1fe-e40f9b354e7e.png,0,50,143,53,114
336dc7c4-6b92-46e4-b3a5-b69707cdc542.png,0,80,99,218,235
6db21c86-2266-43bb-aab7-024971c3b29b.png,0,48,118,106,153
cf7c3e5b-e578-46af-b388-56f8526e118f.png,0,76,154,72,137
d7408845-4624-4057-9e26-c28580cc50df.png,0,72,72,21,21
44f69adc-3fc3-4d32-a2bb-5d2c8ae14941.png,0,1,1,23,23
a502aa57-e7c2-47f9-b80c-753863506b8f.png,0,110,162,125,160
1cddddea-698d-4932-aefd-340c1a10c6f3.png,0,7,210,30,171
ff55ddd4-80d6-4dc3-8bdb-2bfb60bf5624.png,0,1,254,23,238
9204faff-8d46-41ca-a723-05b2b57ea1b8.png,0,92,154,77,123
788305b7-5669-43b6-be02-838e7b191b82.png,0,63,85,167,197
9d2b158e-42e1-47cf-b456-068e25107b11.png,0,75,174,63,130
70df38db-ef60-4750-910f-699d3f1335ce.png,0,52,175,79,167
d0902796-b6a4-4e50-8e4c-aea5adb80859.png,0,168,191,95,120
950a05df-3122-4520-8559-7d28edc73863.png,0,142,231,95,197
06e3dda2-631d-42fc-8631-4a5f3ec4f3e1.png,0,149,255,42,185
bd02c046-8dc3-4fc4-9be8-d3fdbe6b1841.png,0,89,177,113,165
a648ec98-25f9-4fee-a4c0-78f4bd46994c.png,0,8,249,43,211
f97a899e-fd38-4af7-8edb-73c1c6aef2c5.png,0,89,186,104,186
5ed226fe-7ee5-42a7-a75f-396e8b4d29be.png,0,77,155,149,207
b27479e4-8e5a-499c-98e0-3ac8209b4406.png,0,16,234,53,215
917e6267-1baa-4955-b56e-92c9ed606a5f.png,0,74,103,125,149
41534f52-f9b2-459e-bd93-df5405475b44.png,0,44,56,102,113
140dda37-221b-45bd-8339-588da38fb82b.png,0,37,192,132,243
9d8c96d9-129c-47c5-b77b-0bad879f9efe.png,0,87,159,70,134
7b66dbaa-b417-47b7-a8e6-31dd382d7086.png,0,127,141,103,112
f41b5bff-03b6-4f80-af79-1c4603273d72.png,0,83,133,59,104
fbe197ef-1539-40b4-9dcd-246d13467d2c.png,0,61,164,83,205
76a04fb7-627a-4d3f-bc6c-296ce4e38c3f.png,0,94,154,68,114
67079181-acb3-4dad-83fb-a18839cfc386.png,0,99,120,67,99
740222af-f4a3-4db7-9af7-4ed42ccada12.png,0,33,150,92,167
2c02ff6a-fac1-470b-b63c-b1ece6a70223.png,0,67,204,60,150
486d4bbf-f809-44f0-9281-ef95a1aba94c.png,0,112,181,111,160
c10aee38-9b7c-41d6-836b-4e2767c1dcb0.png,0,58,100,29,62
516aa2e1-96e5-42dd-a909-ed0faf23a496.png,0,61,175,100,171
8d0af92f-6e91-45bb-9397-cc973bdb2990.png,0,131,186,74,136
e528e296-f61c-4c0b-ad6b-db948e157b82.png,0,66,179,80,148
489dde7b-810b-4274-9cea-a58b2636c23a.png,0,77,160,57,128
7b729463-93fe-4596-8b9e-c71771178118.png,0,3,131,62,164
ae3e4b87-f407-4f39-8d87-55b783d0b531.png,0,96,172,96,146
9d72138a-9964-475c-a289-902f8fddf377.png,0,51,213,59,179
d024168c-cd2c-463d-8e79-545bef32ac76.png,0,123,178,78,161
a89dbd0c-6a6b-4177-9682-b8d9f6b0f141.png,0,49,179,62,112
b4d1d8a1-8aca-4a16-a7b4-f37d8f56b562.png,0,38,193,74,165
b20b2164-699e-41ad-8663-8073072c874f.png,0,94,134,97,128
664a8873-05fe-4cc0-9af0-66415ff25436.png,0,37,200,122,225
52634773-3291-4816-b9f9-feb641ea5d55.png,0,35,209,64,184
ebd4dd76-a7ce-4ab1-aabd-533aa5607231.png,0,92,158,113,161
a3a6a818-f51e-4f97-9530-e6278bfca593.png,0,15,61,90,154
8c4c6ac6-bd6a-4b80-bfca-f1336724108c.png,0,123,123,112,112
9fa4c664-1ca8-4ad2-afc0-3aa061c0239f.png,0,115,254,80,199
39c99366-c442-4b96-be4e-64591e50fb88.png,0,101,115,184,198
41011fd3-12f5-44e2-a372-8d3995893a0e.png,0,106,158,120,156
92e306ca-f3c2-4082-84dd-fdc9b763f2ca.png,0,134,181,93,125
b806dc09-e6fc-4f86-bafb-5c0895e405bb.png,0,162,215,91,140
3c37ed5a-8dbd-472a-9ea9-790610fd1296.png,0,86,153,87,165
f9b8dfe1-034f-4381-97c1-f976ace659c5.png,0,55,190,104,173
7fc42f8e-f0cb-453b-8020-82cd36c60bc7.png,0,57,209,33,219
aba5137c-0489-4f86-a0cc-241cfc932260.png,0,40,216,78,191
2e5a2159-7d7c-4d03-a9ff-a5bab716fd3f.png,0,20,115,103,225
30c405ce-98b6-4774-9680-ad3065603077.png,0,144,195,135,194
215de2a3-6820-4b38-89e5-81c88e7c9d7b.png,0,19,222,22,164
cbfbcb0e-0038-4435-bced-cc438de754d2.png,0,60,206,62,161
455b58d6-873e-4180-9749-ac854feb35ab.png,0,46,173,32,150
264dc4d5-ef8c-46cd-b839-b0b291c9defd.png,0,2,200,2,173
e0da28aa-cfe5-4a74-b272-815e1710776d.png,0,99,133,101,127
66a43d85-101d-4445-abe9-3cc810cf14dd.png,0,104,126,113,130
d669edca-e5ed-49c3-9377-8c745cec21c0.png,0,47,231,74,202
9de0f470-7339-4775-a670-fdb6c9a588a5.png,0,37,214,4,143
895c9079-d369-4f69-bc1f-1101d21b75cd.png,0,18,130,162,239
43ff0725-bb35-42e4-b5bc-dc159f2427a0.png,0,173,192,98,112
3d2e2223-2565-455d-862b-c5f18e26f4e0.png,0,19,248,73,229
050ff5bb-d230-4fe6-a800-dea93dd39055.png,0,31,207,67,202
4c1dd7f9-02f8-4e18-81c4-576850d29d6a.png,0,237,255,121,157
3fab3192-b9a5-4583-b020-913242dac33b.png,0,124,222,126,193
e9405f5f-05e2-4171-895a-c2cc82a79c72.png,0,209,243,100,127
2cd72d1e-be91-4bd2-a7f4-a756ae413d51.png,0,18,240,80,233
ee796cda-087c-4682-a994-ecbe0db20c80.png,0,11,83,90,173
e3b62d4e-6e05-4338-935b-689d334b021e.png,0,106,159,124,160
062fe527-f926-477a-9712-7acf8f3a1959.png,0,94,145,186,214
8206ef95-c761-48e6-a8c4-72d75ebdae3d.png,0,142,197,75,117
9936821b-6c97-4309-816b-902a9bee8a9b.png,0,135,177,98,127
e92e8852-ec6e-40e0-9e46-f8c11b903644.png,0,46,98,48,90
725df9d0-e463-43d2-aee8-87e58b9a711a.png,0,11,239,67,222
5e26a317-3354-41d1-82b8-575fad2cacd4.png,0,24,234,-1,134
880fe2dd-3dc5-4ae3-84df-8de7e00ed00e.png,0,17,149,172,223
6ad59120-3ad2-4a0b-99e0-6044aa1c9c6d.png,0,32,204,85,201
83da69dc-dc3e-426c-b9cb-6c9112695d07.png,0,91,170,96,153
badcf9be-b75d-49ad-992b-1b844ccfd1b1.png,0,97,169,110,161
3c60bea8-09c5-449e-8351-a596147885b8.png,0,54,207,63,164
6deb9b62-555a-4f32-9322-85f0ebe759a3.png,0,1,1,22,22
85a269a5-f862-41d5-a0a3-d3fdadc2833c.png,0,102,201,109,185
a5f6fbd4-4a54-4960-9d44-92f2b2472d3a.png,0,30,205,19,137
7c26c98a-552b-4455-b5b2-f25f450a4fef.png,0,35,246,51,197
fd13281b-d27a-4053-9c78-81e0f145fe3c.png,0,41,80,155,206
e6cf160b-5692-42ef-a8b8-083071978851.png,0,129,129,138,138
947f861c-6f9a-471c-8bd2-0eafdd6b7bdd.png,0,40,128,51,140
f60b5b9d-320f-4e30-b291-780d38bca223.png,0,66,199,47,143
b0ef1f9e-7e7a-4c1b-a3c0-2683f0e0900f.png,0,2,2,22,22
686c8215-2e96-4df3-8b3b-9473523ff23d.png,0,123,173,108,152
f8c23531-7543-4db6-98f0-70a85181cf38.png,0,135,211,73,118
60d7f277-86ce-49a5-bb6b-7ee75fa9d623.png,0,100,186,109,211
20cc5a7d-9f95-4eec-9ced-e25d4d367a97.png,0,2,255,18,230
8738439d-ffee-4398-9d5e-a37ca0440741.png,0,125,188,146,206
ba7cb8d4-5e2c-4a27-9ffd-a68ef1d547ff.png,0,55,189,39,237
33847c6b-2c39-44fa-9d54-2a804a561b62.png,0,59,185,95,199
03dcf514-8a74-42dc-b034-c7543605b4be.png,0,79,204,66,159
1cae74df-780c-4c5c-92e7-b7d418282936.png,0,25,106,47,106
67e211b9-19ce-45b3-9f84-ebe83c10f304.png,0,123,165,66,131
306c903a-1402-41c6-97dc-e592528bab6e.png,0,143,225,87,194
65a62599-7a88-4850-b8a4-577a2b475b82.png,0,80,173,78,191
1bdb2fb8-59a2-43bb-8c66-1095d445978d.png,0,53,203,81,181
751d8a56-0f96-4ee8-8e08-6629a63a1847.png,0,69,191,50,130
7e682a2a-14f5-4607-b528-31c27c9358d9.png,0,88,162,143,184
f152b214-4659-4b60-ab91-35d09098493b.png,0,100,167,109,166
333933d5-4c15-4ba4-a1b1-689d68f7d92c.png,0,47,211,89,192
84f2b2b4-f944-459f-839c-a151368848f2.png,0,151,199,88,126
6a8cc7df-f2ac-43c1-adba-f87a9b1a2be1.png,0,10,192,10,59
c9a7f4ef-4330-4e70-89cc-2fad31836116.png,0,89,177,58,113
ef878294-eec5-4724-8826-adfe7e83e53b.png,0,13,106,76,196
0a372ed6-76f5-42a4-b800-dc6a16b14343.png,0,66,219,102,207
1bbdd253-60ff-4332-ac48-18a3294d9b9d.png,0,2,235,30,219
63bc05ec-1d6f-41e7-aeea-98ca9044669e.png,0,82,213,86,212
2164f1dc-7857-4617-b775-41e8f5093c1b.png,0,87,163,131,181
56ab5cb8-99a5-46cd-83d9-c7586e38638d.png,0,171,191,92,125
d6542af6-db91-4212-ab4f-6a3128ec0e38.png,0,80,168,105,173
d76807e7-9e50-4291-8bea-97c60cdfb719.png,0,90,205,103,180
c6caf2af-57d1-4add-bc7f-5c77cc35c1a0.png,0,13,188,5,244
5f1cb490-3c64-483b-9441-ef14b42476ca.png,0,16,219,70,220
a024f4a4-af7d-4d75-ac26-f997009cb05e.png,0,-1,208,76,221
a38752da-ce91-485c-b07b-dc330176f11e.png,0,127,149,87,100
890dc2fa-d6f3-46e6-a5ff-13d7becfd5c9.png,0,107,153,111,142
1294fbe7-d71e-45f8-be70-b927abc27190.png,0,62,182,63,135
559222e7-c5f4-4b75-866a-dca7f5fda432.png,0,102,219,40,153
29462103-2393-40cc-87de-0de86fcbffbd.png,0,98,147,60,94
98ec2c2f-8834-468e-a204-6227f71488a7.png,0,69,187,99,173
d47a93e0-4913-4a1b-94df-bc5de054c3db.png,0,105,214,69,157
3b74b133-dba0-4e22-b2bc-84fab652434e.png,0,1,255,15,204
ce7e7613-673a-40ef-af3f-929e8777dc79.png,0,131,159,140,172
934e2301-2d7b-4ae0-a3bd-506fc34c20f0.png,0,90,130,131,171
05225f7d-91e1-421c-b5d6-5dc6eda435d0.png,0,4,4,16,16
c1d39306-26ec-4ebd-b0cc-e934d60cec33.png,0,29,226,37,180
b88af6b2-52a9-4cf1-843a-57d3835eb55c.png,0,97,146,82,122
9b16d3fb-ca58-4707-824d-94b84e30febe.png,0,106,162,93,140
e7f640dc-3180-40a3-abd0-a38ca39d2d82.png,0,63,119,65,138
3b5b7c00-a16e-437a-aacc-abac4d2a0b15.png,0,48,159,77,157
ba99f501-d005-4539-aca1-cbce42656050.png,0,77,194,62,143
9fee3671-86a0-4dca-bfda-d76e81329767.png,0,1,254,42,203
79668a1d-afe4-448f-9777-32d43bc520f4.png,0,61,224,36,154
9144b4f6-7eff-4e7a-84f6-a1cbbd9973ed.png,0,70,215,45,165
49637260-b153-4fbf-9183-1ab252440b36.png,0,83,173,28,91
2cefb47a-6ff3-4f46-9c22-f0cbdf28411f.png,0,121,179,78,163
8b23c629-2ff9-4191-ab82-71ef0afc3cd9.png,0,88,188,67,203
40cc2f7c-5654-4536-81a2-a77368977e17.png,0,62,133,34,122
f22f5a0e-6629-45d8-8b0b-26f6b8b714a1.png,0,69,205,70,169
468f57f4-6cd0-401e-b294-10e7beb2a420.png,0,39,229,66,199
2b742dad-ceee-44c8-b305-4fe046606b3c.png,0,141,141,128,128
4a21d412-4617-44e0-b6a4-67c9bea3bcf2.png,0,20,143,43,141
91520e9a-28ed-4159-b616-786970812a43.png,0,9,243,81,242
90a791c5-17cc-4988-9945-958106904256.png,0,0,62,94,154
e692571d-ed99-465d-a5fb-fdc342c7c097.png,0,107,177,22,63
785a6641-be9e-4b69-ad10-f596ab242074.png,0,43,203,66,165
d2d7458d-b171-4faf-a86e-a2fe6b16de33.png,0,54,171,84,169
e4230321-fc1e-4bc0-9144-e554ebddda43.png,0,129,171,86,144
cf23f424-c239-4f5a-bfd0-ffd438f31dc1.png,0,18,247,48,198
675e93be-a37b-4adb-8896-f4c2622bdd51.png,0,75,185,90,175
7f6beff3-236a-4262-b4bd-f065b3e99965.png,0,106,151,20,55
be1e812d-5adc-43fd-8509-a232d74dbaa0.png,0,150,228,97,191
895b1884-05cd-4b3e-a403-6dbaf2cf868c.png,0,7,253,64,241
2e689384-38b5-44b2-8aa9-795f7a21f97f.png,0,77,141,150,194
a784e3c7-11dc-44ca-87ee-d5bb424d8466.png,0,67,151,62,131
0b8c2d08-bbe1-4aba-b1e5-cf31587f808c.png,0,46,178,5,100
509ed9b8-e458-4690-82c7-7aced3e3b55b.png,0,147,184,85,108
450754f6-ae31-4dc7-8ec6-1ba385cb7490.png,0,82,168,125,232
2fee4d5e-7c99-44ed-9357-c9195351f6bf.png,0,85,235,109,194
139aac2c-29cd-472b-b97b-32991e3fed3f.png,0,145,254,50,134
cf93e0e5-b5df-4165-8273-a5def4d5f12c.png,0,142,170,233,253
3d7cf494-08dc-4b94-a637-4a844539751f.png,0,11,227,58,206
b2a041a5-b463-48ba-af48-3ef125874f21.png,0,142,232,196,253
29d9cb15-4c19-4f08-8c49-cc4fea92557e.png,0,28,225,43,189
79753ae4-efe8-4877-8b57-78aa571bd3e7.png,0,1,80,130,233
a3e9cc73-eafe-4065-8cc6-1661123642a3.png,0,33,59,140,172
98f8c8fe-f2fe-47a9-9277-ad8c9bd78029.png,0,87,180,92,146
5dffaafe-b81e-4542-a63f-f9166d229ae4.png,0,49,215,119,210
7fd19b90-381d-47f0-b4dd-467ddd2aaad0.png,0,84,177,31,88
2bd926fe-63c0-4537-8fd1-04be74f43270.png,0,217,232,101,117
fffa2009-36a1-45af-bdcf-2a40cbe625af.png,0,115,186,119,151
67c4371c-44df-4dc0-8ea9-46994f98c1ab.png,0,213,213,53,53
569952b8-e2e9-48c3-a43b-0255aff99e17.png,0,77,147,104,152
f745f058-7334-4b8d-a39a-1226ceb9611c.png,0,88,118,92,124
85435c15-6324-41a1-a166-c51884783969.png,0,143,212,52,139
04880cf2-e635-4833-9479-a703f9dc0838.png,0,84,134,106,143
2b7ba363-5717-49ae-aa5a-754dc7f2e086.png,0,84,200,54,148
b23e900d-e0ab-4d32-83c4-8be26e3e9215.png,0,148,192,211,241
8d5abbbd-da1a-461d-a92d-f31638f22384.png,0,14,134,78,172
8a6a5e1c-0c5d-4d42-a3ae-86683855baec.png,0,64,147,115,174
08b06216-07f0-44a5-a64d-873204edfdf9.png,0,7,222,37,168
24af00c4-ae7f-4447-ae56-a70ff504bb9b.png,0,184,200,58,73
7fbc2e41-da60-427d-b3ca-55a4fe8b6b2d.png,0,124,183,185,229
d4f0948c-2ebd-4e90-b4c8-cb38b628295a.png,0,92,238,96,197
0e860c8c-82f5-4476-89c6-0ed440166a4c.png,0,6,248,38,202
3146d100-2d17-4047-a56f-926c32fca0ab.png,0,69,143,89,144
315075ba-f112-43e4-9ffc-59e49a78b225.png,0,42,216,45,164
fbe0cfaf-ac3c-44fb-885b-5854a1540787.png,0,59,197,62,154
0bd8e656-5e78-4f00-ae16-b12e93a795a5.png,0,68,108,145,174
b37ceaec-1fbf-48f4-ac68-251ce79f1fea.png,0,90,168,78,134
ac336245-0a28-4f37-b3fa-34f7334a0d33.png,0,10,115,82,146
a121026b-260d-4883-a32f-2fdf7fa75f55.png,0,9,248,64,219
215b46b7-e92b-49fe-8891-5b575cf69d75.png,0,131,226,98,159
066e0d0c-9852-4592-a309-41ffe6986bbc.png,0,59,193,52,147
46838124-81c3-40e6-9c7c-7ba99496d145.png,0,2,253,23,202
be1020d3-f52a-4ef7-81e0-df74c582deed.png,0,142,225,65,132
07d09ee2-0388-44d7-a419-21bc82dc38ae.png,0,202,248,105,137
f9507b65-d843-4cff-a24b-0dff18baaa7f.png,0,56,107,135,171
1c53f18b-45ec-483e-ada2-946bd10298b1.png,0,113,225,114,207
8114997a-4731-4725-a150-226e0fdc2f86.png,0,83,100,227,239
dda8ed9f-becf-4ec6-a1a6-ba6e14932edf.png,0,58,139,33,87
ca98ad1d-90b0-4aaf-9373-406c1a50a088.png,0,64,214,65,169
002f4767-8e96-4de4-b01d-d4574f0f8392.png,0,10,243,20,234
cb9b7aab-7ede-424f-a03b-fe11856797da.png,0,107,167,127,175
209938d5-3499-4e4e-9e18-bac7a3a0963f.png,0,102,158,39,82
cddd57b0-1324-4924-bcb5-7ed432208864.png,0,50,190,83,169
e9be48a9-dd13-42b1-b016-1a188f327913.png,0,25,180,53,155
ed88651d-2562-4005-8dde-640f5a24934d.png,0,41,204,53,164
2976e4e0-93ff-4a68-a3b8-500fd7965d8b.png,0,112,201,121,188
826855b9-29ae-43a0-b716-22cb8477531c.png,0,59,174,93,224
9a2e09b5-82a3-4f3a-ab56-af0f4996cc07.png,0,82,228,86,182
5f6fb57a-9ea7-40bd-90f7-4073461a465a.png,0,72,153,113,171
baddbb2c-4345-4fc4-8688-2120cdd8404d.png,0,79,105,161,179
841c72ba-f3f6-4916-81dc-df6715b316b6.png,0,97,176,80,137
b9fec1c5-e7bc-43f0-9b75-b78934cb4daf.png,0,71,195,137,209
4667a06c-ffc1-4b1a-ba90-c80634c4bd74.png,0,40,252,18,163
f2ddc473-70d1-4ec2-b91e-3c5ec64dc195.png,0,39,77,128,174
6c1e6a49-4d35-44d3-a97f-318f096fa11d.png,0,62,153,81,143
049ba82c-e5f2-4747-be42-bc9138b2f9f6.png,0,170,235,45,98
0d8c5ab9-79ad-43c7-a071-84ac2e8ef941.png,0,53,234,4,239
9518dc8e-773e-4415-b803-039ae58af822.png,0,65,182,96,176
c53633da-90c3-4bef-a868-67e0ca446291.png,0,109,144,90,117
59f6c5b8-63a2-4ed2-a1bf-aeeeb96129bf.png,0,64,255,18,164
f5b68861-8ec7-4878-bfb5-c24560363c7b.png,0,58,198,96,189
e448836b-31ce-4a35-a38c-1181c03e8a1f.png,0,95,174,73,117
9c417051-f920-49ac-bdce-cc360ad847e1.png,0,165,191,101,145
08186932-88c4-4003-9272-f39b90162d07.png,0,35,243,38,180
813d003e-f11d-4954-ae87-10b64ddcee21.png,0,182,235,167,211
0f4b1304-26c5-43ab-8fed-1d5e0dc58e58.png,0,50,198,62,166
fb203561-32c5-40d0-8b17-e3078b42728f.png,0,86,205,82,166
b659f1b2-bb0b-42f7-b86c-5052ea29bb83.png,0,15,224,62,176
67d18c86-fac5-4fdc-89da-49842f22372e.png,0,22,70,132,169
01c18483-39a9-4bda-9fae-a8925841156f.png,0,70,195,73,159
5c3a5d20-cd84-4e0d-b9df-edc417420f25.png,0,88,198,12,89
3fa3a1e4-3281-4f44-aa4e-11d538f7efbc.png,0,114,149,135,161
05e3b197-987c-43db-b676-b39979376bb3.png,0,14,217,30,195
b7173720-0f89-43e5-b86d-ba529eb23ba9.png,0,73,166,131,200
0037a10a-9a07-4ce4-b6db-6075103cf1be.png,0,27,254,38,193
755e5d2b-95c6-4f5a-be3b-da360a030d88.png,0,173,210,150,174
5df807e0-976c-4d87-9577-23472b3b87b6.png,0,2,251,48,185
9ffd2318-5da5-4732-a175-b2d65603e247.png,0,95,161,139,187
bfe79d79-ef4a-4acd-988e-48c5855802d5.png,0,61,184,40,112
978fc1d7-4131-42ad-ab2e-a959a350ac5f.png,0,67,158,123,185
8451b139-dd86-4bf0-9bc3-178901abab53.png,0,41,249,22,244
3f1e98ec-6bf7-45dd-bc82-7f0146a83ebc.png,0,112,182,95,141
dec61087-afa1-4041-bbdb-6dfc867ba0a5.png,0,120,120,100,100
8c95debe-355a-481b-aa82-729aaa7804d2.png,0,93,216,142,223
997a05e3-91e0-4da7-a3d7-f89e6708946d.png,0,15,230,20,252
774f09ae-f083-4dde-820c-e7ffac6bc09f.png,0,26,239,47,198
ccb24e29-b351-4ad1-8aef-b00ee3a3cd0b.png,0,68,185,75,160
d269337a-5827-45cc-be70-246ec5e00b11.png,0,64,153,80,168
ccbda2cc-7955-4db3-a5e7-e95b6f264c07.png,0,48,228,38,191
398e0988-d570-4a1e-9e8e-dab9e6fa5b8b.png,0,125,185,99,187
67d11355-2fc2-41a2-8672-26a208f3b052.png,0,23,185,72,176
fb450e20-e31e-461f-9b2f-48220bfb80f6.png,0,3,221,35,186
8b937a34-337d-4a9b-bed6-547b6301eb1a.png,0,103,132,115,174
a6d0d6e7-44bc-49f6-8602-7bc997c7cceb.png,0,76,181,107,167
4579d921-2312-4abe-8202-802477db4d1e.png,0,77,145,111,158
9ff31876-b0f2-4797-ac14-be0f687f9d50.png,0,51,192,99,195
fc414c58-3185-479d-98ed-cadc77f3ed9a.png,0,83,169,141,202
c6e88e5e-6322-4a6c-8836-c10af6b89f13.png,0,207,231,169,186
e20899fc-d2fb-478a-96ad-d4c64587f2e0.png,0,81,166,110,157
8504d471-77c6-4b34-ad15-30a2d6c1bfc0.png,0,113,149,14,40
826e35fe-820e-4c67-830b-610a10e271d4.png,0,88,151,92,145
6b7c111e-7cee-4ffd-82e6-cdc3e94d01bf.png,0,19,214,49,188
23ea8e5e-38c5-416d-9474-dacd5388e66c.png,0,85,108,127,159
eb0a560a-3ad4-4b1e-ae2d-4459298bca19.png,0,61,243,47,235
951c8b02-ddb2-4b37-8be5-06de4ad9b5b0.png,0,61,198,106,206
ef0f18bb-5499-4c7c-bbca-ddd8c101a875.png,0,1,253,6,234
bc9f9bac-6b3c-4397-ac5b-499b8fb0ac8a.png,0,52,190,25,224
dd94a590-6158-4020-9ec5-7a0dd9bdcd02.png,0,90,183,83,141
a301d412-b635-47eb-a444-dbe56eeac02d.png,0,48,234,76,186
249275b7-f578-42d8-a989-983f4ebde015.png,0,29,236,11,160
8ad3ff46-220e-407b-8788-e5241591d9e5.png,0,31,182,2,208
e3b58074-37cb-42fd-bdc8-6ac15c606161.png,0,81,125,86,125
e3c5ebb0-340c-4a0f-9a36-33df5573872d.png,0,22,180,105,219
b30456bf-0c8b-4595-ba56-f85df94c145f.png,0,122,212,123,190
8aecca62-0fff-4797-a4ce-58af115545b3.png,0,80,188,19,107
d70e14d8-c855-4b88-8fe9-2b2edf1bf5cf.png,0,8,128,97,177
74e5e12e-5ff9-40c9-970d-f3716af50a3f.png,0,-1,254,24,168
97967177-2685-450d-a4fd-679c9f75c08f.png,0,128,234,19,108
50249865-3bf8-481d-9991-28c2136b8755.png,0,115,197,101,179
eda2a09e-8820-4f1b-a711-db305a1f793d.png,0,57,134,105,167
f94b76b6-d895-4ad2-9a57-dca40e34e64d.png,0,32,215,21,137
25d67d60-1058-42f4-9947-253d3c39fe60.png,0,52,52,83,83
f0d7d6da-3760-45eb-b610-3957cada32bb.png,0,22,242,81,226
a3d70991-c9f5-4f12-875d-e1d65a235526.png,0,3,255,54,218
7e6561bc-c1d2-4248-bebc-38c55001b39e.png,0,85,185,95,168
e740f9ae-a2e9-41be-a999-2c73c52d89b8.png,0,125,160,162,198
9a5254f5-52a1-4f60-9743-8d44fa5e13b1.png,0,92,185,0,53
797d641d-6f9d-42b8-8942-af1217820777.png,0,17,223,90,235
4f454ada-f3aa-4952-bc6f-a9f75fc20590.png,0,89,145,90,136
e7e443f7-0412-457d-be5c-1bf2d79e2524.png,0,162,182,139,157
20fa80bf-3512-49ec-b235-6fe1029e5979.png,0,120,180,46,86
22271117-9ba2-43ad-94e2-c0daf24fb8c9.png,0,8,253,1,248
da281b9c-2c51-415f-939c-057f0590b0ac.png,0,40,198,1,249
b8a7fee3-474c-4359-b8c1-45e31da0a743.png,0,83,165,81,142
8d090946-c214-4aa4-9080-b6266602bf38.png,0,62,158,77,151
6e747f66-73e8-47f9-95b1-73ed5d2795e7.png,0,89,174,54,114
55aec203-16d0-481c-8ed8-282dee85f482.png,0,61,162,120,202
c2bf75bb-30f0-4694-8ed8-ee1f327e945d.png,0,73,252,65,189
64648829-9dbd-4920-830e-c588617fd95f.png,0,18,221,14,150
03824a01-5900-48dc-9998-416275b5a306.png,0,212,250,2,34
6c46ba33-68ed-4c90-b620-62e96806b87d.png,0,70,131,87,176
bdd6f63d-eb1b-41f3-a9a0-320d88d23176.png,0,52,198,83,255
d3f6f129-5080-474b-b89c-dedefed40271.png,0,20,220,77,219
9ca9df8b-b937-42ba-a616-500178ea1b15.png,0,67,154,113,172
04c92a4e-39c6-4df8-80ef-9d4c2b8148c8.png,0,88,174,74,128
df879912-4235-4164-bebf-6fa222ec04e9.png,0,96,145,102,135
32b217f0-5b55-4aa4-a099-481a65a95375.png,0,5,5,35,35
8f4240c2-8540-4e83-8a00-3ca84287e393.png,0,17,62,162,190
22723c05-58be-4722-8830-6be14c2bf717.png,0,98,162,128,178
95b673db-383e-478d-b5c6-259e658e3487.png,0,61,95,122,166
24766130-93e8-42ee-a141-e2a61430ce47.png,0,63,194,108,177
eec64941-83f8-41eb-8ff4-b4fe462d7e25.png,0,87,164,80,129
a19ff317-43d3-4ee9-814a-7849a1c6c742.png,0,46,212,14,118
dc375050-61e8-4317-abc5-00f5d95956d8.png,0,47,221,103,217
83f9132c-78f7-4047-a86c-25ffe6874bcf.png,0,128,128,160,160
e16e7834-0e4e-40a4-a73f-6600d6e700be.png,0,201,220,119,137
0f837b9e-0abe-4328-80ce-8d9aa9903efe.png,0,63,91,57,77
c8f37141-eef8-42a5-b48e-e6ef33e39833.png,0,57,184,60,149
d3009600-ff29-4e92-83a7-66a3a1cc0857.png,0,203,230,1,19
84fff5dc-e0b8-4493-a7bd-2cf180441c99.png,0,93,157,72,110
2159866b-3c9a-4264-85b4-da27d56c0bc0.png,0,69,113,136,166
d930f141-beaf-42fe-85a2-68f17f16c61e.png,0,3,252,21,235
d6ec1c9e-99aa-41a4-ad54-5e3960acb3b9.png,0,31,232,82,201
996a9bc6-67e2-435a-b4f9-dac3f5645063.png,0,188,218,207,231
40fb37bd-bb75-4d7c-811d-a8e6a8dc93e3.png,0,97,136,158,189
0af8f7f8-2501-428b-a506-195d81ec3e19.png,0,79,183,122,191
398f6f0c-4716-4f22-8c14-a4e9c6fa08d0.png,0,86,220,69,164
ccb8957d-d323-4d9f-a44d-946fc207e8fc.png,0,96,154,135,185
e26e5da4-27fb-4f39-b252-1e2e5b1399d8.png,0,72,149,115,169
41c00a27-8419-4878-9146-6a6f265600ce.png,0,20,104,73,188
8f6a9f08-52c2-4af0-b3ac-c7cd8f93adf4.png,0,59,168,94,166
4419ca4d-bd4d-4639-aa37-8a5a852fd7b1.png,0,106,153,88,152
19de7e81-bcd1-4636-a331-281214c5ab8a.png,0,79,160,12,68
10398d0b-0347-44db-aaf4-bbe1136152ed.png,0,65,205,93,209
86f91b13-becd-4d68-a66b-a7d164e6129d.png,0,2,256,84,256
3e4ae3aa-948f-4f07-9756-0925352305d1.png,0,179,192,24,33
d20302e8-3703-4a85-9979-062f77e67815.png,0,85,120,53,88
bb482416-bd7b-4ebf-b45d-30072132f1fc.png,0,91,218,77,227
561db19c-c53f-463e-9671-02c6fb14ca65.png,0,52,101,78,133
a78ed964-42ce-4336-a69d-4eab85f8a62c.png,0,90,202,60,148
51eb5f7d-eda3-4a95-8278-993fd31a7de6.png,0,80,184,75,140
726437a6-26c9-4ee6-8917-f172ed7b5f51.png,0,62,122,76,131
306c4abf-30d8-41a7-97ff-f11564eb1408.png,0,112,151,119,147
d982f35b-72d5-40d1-bd5f-03efc94aff35.png,0,29,79,12,48
3a5b53f0-8bfc-4893-bf1e-f474b99e1f78.png,0,56,223,121,207
c8e544e7-4c9f-4861-b455-a8579721da42.png,0,82,166,95,150
e36667de-476f-4188-8043-cb979183dd28.png,0,77,160,75,137
a9d8c0c0-0b3b-48be-a18d-beebdd9c7afa.png,0,31,235,41,201
2c6b0b28-65bc-4fca-bbe5-0030059c71d8.png,0,42,208,65,174
b2180264-2b20-4eac-a6c5-ea5dd0737699.png,0,66,131,52,113
9008b1da-9fd6-43a7-a69e-d1fc7b7cc022.png,0,14,227,27,176
68e03628-c163-4425-9f3e-e94cf9abbcfb.png,0,14,110,91,156
40328974-ab4a-4b6a-9d7a-465c65c0984a.png,0,36,164,20,115
52fc27b9-53f9-44a0-97d9-1fbc8d75c220.png,0,89,151,100,142
6f3e0b4b-18ae-4c49-8623-26f920d56175.png,0,76,179,98,175
5b140eab-1ea5-43e7-b5e0-85204e31d7a2.png,0,59,196,39,125
b1941884-81fb-4bed-80af-3407865b3941.png,0,8,193,121,238
84bf9828-7be2-4d2c-b0a1-263b9f4d3964.png,0,77,238,39,143
fd1594ad-0364-43bc-99af-25224c87d96d.png,0,107,140,86,111
37184f5e-6ce4-46b2-83ea-afbf68c2f2bd.png,0,90,176,20,85
c29a7964-7280-46bf-b1c9-90de29b14ed5.png,0,8,184,58,187
5dda5682-fff7-4f8a-b8f6-995bc647dba4.png,0,12,254,35,228
213bcf61-2ff4-4d9c-83be-e7b542d25dec.png,0,128,202,65,111
3c636bdf-816d-4600-b762-552e1848e9b9.png,0,45,99,166,254
278d3890-a00c-43c0-80ba-32fa6f652727.png,0,79,179,63,135
84ebe7d8-8396-40d1-b5d2-ec0d54bf3f98.png,0,238,254,119,150
24119509-ad67-4b40-91eb-76af0f414e09.png,0,131,175,116,149
dde5f924-5bf2-4dd9-b44c-38f859c0deb5.png,0,83,162,34,96
49f2e391-0bf8-4572-8d33-c099d894aafb.png,0,121,143,107,134
99601bf9-1ea6-4604-870b-a88e71e72ca6.png,0,81,122,84,111
7349ba20-cf9b-48c2-b1d1-e35640f57a8e.png,0,105,159,101,136
11108a2f-3e3b-4d73-9f6f-ab69589895d0.png,0,104,196,65,153
84049618-6d62-4492-8856-c8fa30491ffe.png,0,75,190,49,126
66bc730a-ad71-4401-9e3a-df31a020520f.png,0,107,157,201,245
75d2f692-a28e-4c4a-8b87-a241826df997.png,0,96,126,66,95
c67c8072-1ae4-48b5-a0c3-6cab5a4e6292.png,0,79,178,132,202
88a23ae8-d785-408c-bbdb-a2a29d2b352d.png,0,118,118,58,58
24754a4b-b935-4ce7-98f8-0f44d97a77e6.png,0,216,233,101,117
049a2ca6-5d4d-49a6-a5c2-2b1f6c080e7c.png,0,66,96,117,143
ff846bfd-2933-4bae-bff6-403653818966.png,0,66,167,113,208
ba3880ec-1a6f-4366-917f-ef5cf11bac43.png,0,57,223,1,121
705e0bc7-be75-49e6-8143-231120a1e593.png,0,74,193,63,171
d47aacfd-fb52-40fb-8d90-627ae0f68f0a.png,0,131,183,64,145
5f704ad2-9627-4636-8320-6231ab0563ea.png,0,63,159,19,89
4d68b1b1-1093-42d9-8441-3f676044ec9e.png,0,97,203,34,103
1be3abbc-5271-4847-aafd-5d0415c4082a.png,0,76,131,85,119
1922f983-ce2a-412f-bf64-ca4a21026404.png,0,87,226,56,229
3b4414dd-c986-4ff5-b061-3491dff7b035.png,0,94,183,68,146
666e8247-a4c5-4a3b-a950-9806912d3a02.png,0,80,181,71,208
3b05e0bd-3833-4541-8a81-6c02f31f552f.png,0,16,245,71,227
3b493967-e072-4299-8be9-1f92c0939c27.png,0,59,242,79,217
10f9b1c9-39aa-4b4b-9211-9085c2de832a.png,0,17,178,67,168
ba77a37f-6184-430f-ab71-a0006c20dacd.png,0,38,146,71,213
4b1e01f2-1f94-4292-a59e-25eddf0eff79.png,0,86,169,62,139
641737db-50fa-4d6d-a7c4-4d90ce7c5aac.png,0,14,185,64,174
83927c4d-7db0-4b41-86a2-cfc70b17261f.png,0,68,195,87,173
bfec98c7-22dc-4c83-af47-d4f3ba7dc58d.png,0,55,202,22,229
5105c628-ffe9-4555-a7fe-7a4c7f368a47.png,0,137,164,123,142
61b065ba-9a41-4511-b6d4-717d9a7e5244.png,0,1,125,83,192
5f8515d1-ffdc-4245-816f-9fdcd85a0c5f.png,0,108,201,59,157
972799ad-c6f6-4ffa-aa54-cf6fe37f421d.png,0,9,202,69,193
6a3615cf-bc9a-4523-a83b-0b46f4fea762.png,0,95,150,135,169
e485859f-bfa8-4cb6-a6d9-43b999d15a49.png,0,20,169,105,197
467e852d-de4b-4fac-ba7d-ab30cf73a3d9.png,0,2,249,32,239
1bffbcb6-d627-4a99-a5fb-f9ea94743b18.png,0,64,193,56,144
3828243d-f115-4519-ae4a-a91dda06ec86.png,0,96,145,167,226
eed07f25-252b-4d79-aabc-3735ee4d4216.png,0,90,158,78,128
ca8a4010-3dde-483b-a1ef-47a409effd9e.png,0,39,199,96,201
1f0fe74d-e2e0-4895-84a9-57e081dd7452.png,0,91,170,89,145
cfae014b-9e47-40c6-9a14-1647a4a98d71.png,0,11,238,66,213
c90c0b4a-d7a8-4787-9fe5-b0d898023540.png,0,165,205,52,80
45a37499-fe62-4aef-a1e6-c8dcb0a7083a.png,0,90,168,86,164
2af274e7-3e38-47ec-9734-059d331ec9d1.png,0,113,156,98,132
d3534bf2-ab35-4a68-b6f8-5d42800c6b0e.png,0,80,205,71,134
c4cb8d69-d1fb-474f-92a2-b60c91be59b6.png,0,93,164,106,150
cff3d01d-5703-4a33-805f-85c1146a02d9.png,0,100,169,116,161
e2e3b6ae-69ae-4a52-bc6e-6994aae17d76.png,0,96,164,105,172
03eab47d-faee-4638-9a75-2e11608e83d8.png,0,152,244,39,113
ea1e7020-420f-4951-8336-383bd465ce10.png,0,74,86,67,81
7b59cf1a-9058-4b91-9305-f9aea1d06627.png,0,64,221,73,226
d9784ca3-6c1f-4225-95c9-92cf19198409.png,0,51,221,75,190
775b79fd-1f11-46a0-b021-4f6d40dcb0de.png,0,206,234,105,129
e6a235c8-d619-4e61-8b21-7e2707bb4df2.png,0,106,154,140,191
8b077073-d1fb-4243-85ab-2b2a46e70aec.png,0,151,200,105,143
79d60bdf-2587-47f8-a6f7-d2b84bfc41a4.png,0,138,165,136,161
db241aac-cce0-4c64-a5f6-8006f5ccfa16.png,0,61,158,55,128
38eed317-e9cd-4588-a048-54302e854508.png,0,98,172,93,148
05033ce6-a570-4c83-bb37-0f50d5a640c1.png,0,35,85,95,136
9af3e1c3-2a64-481d-beb9-796325d5b033.png,0,83,160,123,182
43c97587-637e-4039-9100-2246f43be20c.png,0,75,179,99,168
f925c947-621e-4ac6-9502-808e640af590.png,0,152,255,88,200
03bb3cac-6824-4cc3-832d-aa2298bf2ac9.png,0,55,194,90,169
ddba346f-2f46-4aac-b229-eb562aa3760a.png,0,75,167,47,109
8f9b51fd-0fec-48c9-8af3-b25f613f86a5.png,0,30,242,1,255
901750aa-6791-4330-9503-a083f0a8af57.png,0,75,191,93,173
4834acd6-fc38-4427-8bf5-36c7f481b6a9.png,0,68,181,108,179
9a209d7d-c415-4eeb-be01-53f7145d88ac.png,0,38,208,47,160
8f28a731-5115-4470-bba1-b1e8b379a229.png,0,6,153,49,162
7c700d15-0c21-4cbc-b4e8-3d1896c06a2e.png,0,98,164,118,163
ef33834a-028d-43e0-b814-d66116754f85.png,0,97,97,124,124
28b7f8fe-6b8a-45b8-9ac2-81f771687020.png,0,141,196,70,122
968d77dd-8051-4621-b10d-1558584efb29.png,0,112,143,110,131
1d6501e5-bee6-49ec-8edc-de22b1130b83.png,0,57,174,90,177
f2e2df44-1a64-49f9-862d-5cd42a3ca92e.png,0,87,151,107,175
14206b75-e3ea-4146-aa56-6380deba455a.png,0,87,102,118,127
9247416e-2708-4bc3-a8b2-d56ee7d9ee81.png,0,90,177,139,209
e2431bbe-2f50-47b2-b9ed-22af4341c4a8.png,0,59,199,93,183
350449d7-969c-4f46-a88d-f0db4ce543ef.png,0,94,178,67,138
6944fb0c-50a1-4ca5-983e-ecc57d8768aa.png,0,68,254,12,158
5dd719d9-70fa-45ef-ba37-ae71ee577ca4.png,0,36,202,85,188
31a4e01d-bc4d-4677-b44d-98fa48c779bc.png,0,79,167,108,154
26b5ac81-7d76-4fcf-bf98-5f2e4a04e293.png,0,100,233,52,226
49a86d15-95d3-4dd8-ad35-ead6f9a6a17d.png,0,153,239,166,235
af0bc655-6275-4b21-8e11-f3a6eb6ed8d6.png,0,71,155,106,197
9dd376ee-7df3-4860-b011-b635d8c69441.png,0,61,187,81,166
2c48119c-435e-4743-ae19-028c85ad91ca.png,0,96,124,99,137
9066f1d9-91f8-4cb0-84c6-30f50adefc93.png,0,29,123,86,245
5bea1131-45d9-49d1-b17b-9b8708fe3d91.png,0,36,180,110,205
